Corrida;obs 1;obs 2;obs 3;obs 4;obs 5;obs 6;obs 7;obs 8;obs 9;obs 10;obs 11;obs 12;obs 13;obs 14;obs 15;obs 16;obs 17;obs 18;obs 19;obs 20;obs 21;obs 22;obs 23;obs 24;obs 25;obs 26;obs 27;obs 28;obs 29;obs 30;obs 31;obs 32;obs 33;obs 34;obs 35;obs 36;obs 37;obs 38;obs 39;obs 40;obs 41;obs 42;obs 43;obs 44;obs 45;obs 46;obs 47;obs 48;obs 49;obs 50;obs 51;obs 52;obs 53;obs 54;obs 55;obs 56;obs 57;obs 58;obs 59;obs 60;obs 61;obs 62;obs 63;obs 64;obs 65;obs 66;obs 67;obs 68;obs 69;obs 70;obs 71;obs 72;obs 73;obs 74;obs 75;obs 76;obs 77;obs 78;obs 79;obs 80;obs 81;obs 82;obs 83;obs 84;obs 85;obs 86;obs 87;obs 88;obs 89;obs 90;obs 91;obs 92;obs 93;obs 94;obs 95;obs 96;obs 97;obs 98;obs 99;obs 100;obs 101;obs 102;obs 103;obs 104;obs 105;obs 106;obs 107;obs 108;obs 109;obs 110;obs 111;obs 112;obs 113;obs 114;obs 115;obs 116;obs 117;obs 118;obs 119;obs 120;obs 121;obs 122;obs 123;obs 124;obs 125;obs 126;obs 127;obs 128;obs 129;obs 130;obs 131;obs 132;obs 133;obs 134;obs 135;obs 136;obs 137;obs 138;obs 139;obs 140;obs 141;obs 142;obs 143;obs 144;obs 145;obs 146;obs 147;obs 148;obs 149;obs 150;obs 151;obs 152;obs 153;obs 154;obs 155;obs 156;obs 157;obs 158;obs 159;obs 160;obs 161;obs 162;obs 163;obs 164;obs 165;obs 166;obs 167;obs 168;obs 169;obs 170;obs 171;obs 172;obs 173;obs 174;obs 175;obs 176;obs 177;obs 178;obs 179;obs 180;obs 181;obs 182;obs 183;obs 184;obs 185;obs 186;obs 187;obs 188;obs 189;obs 190;obs 191;obs 192;obs 193;obs 194;obs 195;obs 196;obs 197;obs 198;obs 199;obs 200;obs 201;obs 202;obs 203;obs 204;obs 205;obs 206;obs 207;obs 208;obs 209;obs 210;obs 211;obs 212;obs 213;obs 214;obs 215;obs 216;obs 217;obs 218;obs 219;obs 220;obs 221;obs 222;obs 223;obs 224;obs 225;obs 226;obs 227;obs 228;obs 229;obs 230;obs 231;obs 232;obs 233;obs 234;obs 235;obs 236;obs 237;obs 238;obs 239;obs 240;obs 241;obs 242;obs 243;obs 244;obs 245;obs 246;obs 247;obs 248;obs 249;obs 250;obs 251;obs 252;obs 253;obs 254;obs 255;obs 256;obs 257;obs 258;obs 259;obs 260;obs 261;obs 262;obs 263;obs 264;obs 265;obs 266;obs 267;obs 268;obs 269;obs 270;obs 271;obs 272;obs 273;obs 274;obs 275;obs 276;obs 277;obs 278;obs 279;obs 280;obs 281;obs 282;obs 283;obs 284;obs 285;obs 286;obs 287;obs 288;obs 289;obs 290;obs 291;obs 292;obs 293;obs 294;obs 295;obs 296;obs 297;obs 298;obs 299;obs 300;obs 301;obs 302;obs 303;obs 304;obs 305;obs 306;obs 307;obs 308;obs 309;obs 310;obs 311;obs 312;obs 313;obs 314;obs 315;obs 316;obs 317;obs 318;obs 319;obs 320;obs 321;obs 322;obs 323;obs 324;obs 325;obs 326;obs 327;obs 328;obs 329;obs 330;obs 331;obs 332;obs 333;obs 334;obs 335;obs 336;obs 337;obs 338;obs 339;obs 340;obs 341;obs 342;obs 343;obs 344;obs 345;obs 346;obs 347;obs 348;obs 349;obs 350;obs 351;obs 352;obs 353;obs 354;obs 355;obs 356;obs 357;obs 358;obs 359;obs 360;obs 361;obs 362;obs 363;obs 364;obs 365;obs 366;obs 367;obs 368;obs 369;obs 370;obs 371;obs 372;obs 373;obs 374;obs 375;obs 376;obs 377;obs 378;obs 379;obs 380;obs 381;obs 382;obs 383;obs 384;obs 385;obs 386;obs 387;obs 388;obs 389;obs 390;obs 391;obs 392;obs 393;obs 394;obs 395;obs 396;obs 397;obs 398;obs 399;obs 400;obs 401;obs 402;obs 403;obs 404;obs 405;obs 406;obs 407;obs 408;obs 409;obs 410;obs 411;obs 412;obs 413;obs 414;obs 415;obs 416;obs 417;obs 418;obs 419;obs 420;obs 421;obs 422;obs 423;obs 424;obs 425;obs 426;obs 427;obs 428;obs 429;obs 430;obs 431;obs 432;obs 433;obs 434;obs 435;obs 436;obs 437;obs 438;obs 439;obs 440;obs 441;obs 442;obs 443;obs 444;obs 445;obs 446;obs 447;obs 448;obs 449;obs 450;obs 451;obs 452;obs 453;obs 454;obs 455;obs 456;obs 457;obs 458;obs 459;obs 460;obs 461;obs 462;obs 463;obs 464;obs 465;obs 466;obs 467;obs 468;obs 469;obs 470;obs 471;obs 472;obs 473;obs 474;obs 475;obs 476;obs 477;obs 478;obs 479;obs 480;obs 481;obs 482;obs 483;obs 484;obs 485;obs 486;obs 487;obs 488;obs 489;obs 490;obs 491;obs 492;obs 493;obs 494;obs 495;obs 496;obs 497;obs 498;obs 499;obs 500;obs 501;obs 502;obs 503;obs 504;obs 505;obs 506;obs 507;obs 508;obs 509;obs 510;obs 511;obs 512;obs 513;obs 514;obs 515;obs 516;obs 517;obs 518;obs 519;obs 520;obs 521;obs 522;obs 523;obs 524;obs 525;obs 526;obs 527;obs 528;obs 529;obs 530;obs 531;obs 532;obs 533;obs 534;obs 535;obs 536;obs 537;obs 538;obs 539;obs 540;obs 541;obs 542;obs 543;obs 544;obs 545;obs 546;obs 547;obs 548;obs 549;obs 550;obs 551;obs 552;obs 553;obs 554;obs 555;obs 556;obs 557;obs 558;obs 559;obs 560;obs 561;obs 562;obs 563;obs 564;obs 565;obs 566;obs 567;obs 568;obs 569;obs 570;obs 571;obs 572;obs 573;obs 574;obs 575;obs 576;obs 577;obs 578;obs 579;obs 580;obs 581;obs 582;obs 583;obs 584;obs 585;obs 586;obs 587;obs 588;obs 589;obs 590;obs 591;obs 592;obs 593;obs 594;obs 595;obs 596;obs 597;obs 598;obs 599;obs 600;obs 601;obs 602;obs 603;obs 604;obs 605;obs 606;obs 607;obs 608;obs 609;obs 610;obs 611;obs 612;obs 613;obs 614;obs 615;obs 616;obs 617;obs 618;obs 619;obs 620;obs 621;obs 622;obs 623;obs 624;obs 625;obs 626;obs 627;obs 628;obs 629;obs 630;obs 631;obs 632;obs 633;obs 634;obs 635;obs 636;obs 637;obs 638;obs 639;obs 640;obs 641;obs 642;obs 643;obs 644;obs 645;obs 646;obs 647;obs 648;obs 649;obs 650;obs 651;obs 652;obs 653;obs 654;obs 655;obs 656;obs 657;obs 658;obs 659;obs 660;obs 661;obs 662;obs 663;obs 664;obs 665;obs 666;obs 667;obs 668;obs 669;obs 670;obs 671;obs 672;obs 673;obs 674;obs 675;obs 676;obs 677;obs 678;obs 679;obs 680;obs 681;obs 682;obs 683;obs 684;obs 685;obs 686;obs 687;obs 688;obs 689;obs 690;obs 691;obs 692;obs 693;obs 694;obs 695;obs 696;obs 697;obs 698;obs 699;obs 700;obs 701;obs 702;obs 703;obs 704;obs 705;obs 706;obs 707;obs 708;obs 709;obs 710;obs 711;obs 712;obs 713;obs 714;obs 715;obs 716;obs 717;obs 718;obs 719;obs 720;obs 721;obs 722;obs 723;obs 724;obs 725;obs 726;obs 727;obs 728;obs 729;obs 730;obs 731;obs 732;obs 733;obs 734;obs 735;obs 736;obs 737;obs 738;obs 739;obs 740;obs 741;obs 742;obs 743;obs 744;obs 745;obs 746;obs 747;obs 748;obs 749;obs 750;obs 751;obs 752;obs 753;obs 754;obs 755;obs 756;obs 757;obs 758;obs 759;obs 760;obs 761;obs 762;obs 763;obs 764;obs 765;obs 766;obs 767;obs 768;obs 769;obs 770;obs 771;obs 772;obs 773;obs 774;obs 775;obs 776;obs 777;obs 778;obs 779;obs 780;obs 781;obs 782;obs 783;obs 784;obs 785;obs 786;obs 787;obs 788;obs 789;obs 790;obs 791;obs 792;obs 793;obs 794;obs 795;obs 796;obs 797;obs 798;obs 799;obs 800;obs 801;obs 802;obs 803;obs 804;obs 805;obs 806;obs 807;obs 808;obs 809;obs 810;obs 811;obs 812;obs 813;obs 814;obs 815;obs 816;obs 817;obs 818;obs 819;obs 820;obs 821;obs 822;obs 823;obs 824;obs 825;obs 826;obs 827;obs 828;obs 829;obs 830;obs 831;obs 832;obs 833;obs 834;obs 835;obs 836;obs 837;obs 838;obs 839;obs 840;obs 841;obs 842;obs 843;obs 844;obs 845;obs 846;obs 847;obs 848;obs 849;obs 850;obs 851;obs 852;obs 853;obs 854;obs 855;obs 856;obs 857;obs 858;obs 859;obs 860;obs 861;obs 862;obs 863;obs 864;obs 865;obs 866;obs 867;obs 868;obs 869;obs 870;obs 871;obs 872;obs 873;obs 874;obs 875;obs 876;obs 877;obs 878;obs 879;obs 880;obs 881;obs 882;obs 883;obs 884;obs 885;obs 886;obs 887;obs 888;obs 889;obs 890;obs 891;obs 892;obs 893;obs 894;obs 895;obs 896;obs 897;obs 898;obs 899;obs 900;obs 901;obs 902;obs 903;obs 904;obs 905;obs 906;obs 907;obs 908;obs 909;obs 910;obs 911;obs 912;obs 913;obs 914;obs 915;obs 916;obs 917;obs 918;obs 919;obs 920;obs 921;obs 922;obs 923;obs 924;obs 925;obs 926;obs 927;obs 928;obs 929;obs 930;obs 931;obs 932;obs 933;obs 934;obs 935;obs 936;obs 937;obs 938;obs 939;obs 940;obs 941;obs 942;obs 943;obs 944;obs 945;obs 946;obs 947;obs 948;obs 949;obs 950;obs 951;obs 952;obs 953;obs 954;obs 955;obs 956;obs 957;obs 958;obs 959;obs 960;obs 961;obs 962;obs 963;obs 964;obs 965;obs 966;obs 967;obs 968;obs 969;obs 970;obs 971;obs 972;obs 973;obs 974;obs 975;obs 976;obs 977;obs 978;obs 979;obs 980;obs 981;obs 982;obs 983;obs 984;obs 985;obs 986;obs 987;obs 988;obs 989;obs 990;obs 991;obs 992;obs 993;obs 994;obs 995;obs 996;obs 997;obs 998;obs 999;obs 1000;obs 1001;obs 1002;obs 1003;obs 1004;obs 1005;obs 1006;obs 1007;obs 1008;obs 1009;obs 1010;obs 1011;obs 1012;obs 1013;obs 1014;obs 1015;obs 1016;obs 1017;obs 1018;obs 1019;obs 1020;obs 1021;obs 1022;obs 1023
1,1,1,1,1,4,0,0,1,0,3,4,3,1,0,3,2,0,3,3,0,0,2,2,0,0,3,1,1,1,1,1,1,1,1,1,0,1,0,1,1,1,1,1,1,1,1,1,1,1,0,1,0,1,1,1,1,1,0,1,1,1,1,1,0,1,1,1,0,0,0,1,0,1,0,1,2,0,0,0,0,1,1,1,1,1,1,1,1,1,1,1,1,1,1,1,1,1,1,2,1,1,2,1,1,1,1,1,1,1,2,1,1,1,1,0,0,0,0,1,1,1,1,1,1,0,1,1,0,0,1,0,1,1,0,1,1,1,1,1,2,0,1,1,1,2,1,1,1,2,0,1,1,1,1,1,1,1,1,1,0,1,1,1,0,0,0,1,1,1,0,1,1,1,1,1,1,1,1,1,1,1,1,1,1,1,1,1,1,0,1,1,1,1,1,1,2,1,1,1,1,1,0,0,1,1,1,1,2,1,0,1,1,1,1,1,1,1,1,0,0,1,0,0,1,0,0,1,1,1,1,1,0,1,1,1,1,1,1,1,1,0,1,1,2,0,1,0,1,0,1,0,1,0,1,1,1,1,2,0,1,1,1,1,1,1,1,2,1,1,0,1,0,0,1,1,1,0,1,1,2,0,1,1,0,1,1,1,1,1,1,0,1,1,1,1,0,1,0,1,1,1,1,0,1,0,1,0,0,1,1,0,1,1,1,0,1,1,1,1,1,1,1,1,0,1,1,1,0,1,0,1,0,1,1,0,1,1,1,1,1,1,0,1,1,1,0,0,1,1,1,1,1,1,0,0,0,0,2,1,1,1,1,0,1,1,1,1,1,1,1,0,1,1,1,0,1,1,1,1,0,1,1,2,1,1,2,1,0,1,1,1,1,0,1,1,0,1,1,0,1,2,1,1,1,1,1,0,1,1,1,1,1,1,1,1,1,0,1,0,1,0,1,1,1,1,1,0,1,0,1,0,0,1,0,1,1,1,1,1,1,1,1,1,1,1,1,1,1,1,1,1,1,0,1,1,1,0,1,1,1,1,1,1,1,1,1,1,1,1,1,1,1,1,1,0,0,1,1,0,1,1,1,1,1,1,1,1,1,1,0,1,1,1,1,0,1,1,2,2,1,1,1,1,1,1,1,1,1,1,0,1,1,1,0,1,1,1,1,1,1,1,1,1,0,1,0,1,2,1,0,0,0,1,2,0,1,0,0,1,1,1,1,1,0,1,1,1,1,1,1,1,1,1,1,1,1,1,2,1,1,0,1,0,1,1,1,1,1,1,0,1,1,2,1,1,1,1,1,1,1,0,1,0,1,1,1,1,1,0,1,0,0,1,1,1,1,0,1,1,1,1,1,1,1,1,1,0,1,1,1,1,1,1,2,1,1,1,1,1,0,1,1,0,1,2,1,1,0,2,1,1,1,1,2,1,1,0,1,1,1,1,1,1,1,0,1,0,0,0,2,1,0,1,1,1,1,1,1,1,1,1,1,0,0,1,1,1,1,1,1,1,1,1,1,1,2,1,1,1,1,1,1,1,0,1,1,1,1,0,1,1,1,1,1,1,1,1,1,1,1,1,0,1,1,0,1,1,1,1,1,1,1,0,1,1,1,1,1,1,0,1,0,1,1,1,0,0,1,1,1,1,1,2,0,1,1,1,1,1,1,1,1,1,1,1,1,1,1,1,2,1,1,1,1,1,1,1,0,1,2,0,1,0,1,1,1,1,0,1,1,1,1,0,1,0,1,1,1,0,1,1,0,0,0,1,0,1,1,1,1,1,0,0,1,1,1,1,1,1,1,1,1,1,1,1,1,1,1,0,1,1,1,1,1,1,1,1,0,0,0,1,1,0,1,1,1,1,1,1,1,2,1,0,1,1,2,1,1,1,0,1,1,1,1,0,1,1,1,1,1,1,1,0,1,0,1,2,1,1,1,1,1,0,1,0,1,1,1,1,1,1,1,1,1,0,1,1,1,1,1,1,1,1,1,1,1,1,1,0,1,1,1,0,1,1,0,0,0,0,1,1,1,0,0,1,1,1,1,1,1,1,1,0,0,2,0,0,0,1,1,1,1,2,0,1,1,1,0,1,1,1,1,1,1,1,1,1,1,1,0,1,1,1,1,1,2,1,1,1,1,1,1,1,1,1,1,1,1,1,0,1,1,1,1,1,1,2,1,0,0,1,1,1,1,0,1,0,0,2,1,1,0,2,0,0,0,0,1,1,1,1,1,0,0,1,1,0,1,1,1,1,1,1,0,1,0,1,1,1,1,1,0,1,1,1,1,0,1,0,1,1,1,0
2,0,5,3,5,1,4,3,1,3,1,1,1,1,1,0,1,1,0,1,1,1,1,1,0,1,1,0,0,0,0,1,1,1,1,0,1,0,1,2,1,1,1,0,1,1,1,1,1,1,1,1,1,0,1,1,1,1,1,1,1,1,1,1,1,1,1,2,1,1,1,1,0,1,1,1,0,1,2,1,1,1,1,1,0,1,1,0,1,1,1,1,1,0,1,1,2,1,1,1,1,0,1,0,1,1,1,0,1,1,1,1,0,1,1,1,1,1,0,1,0,1,1,1,0,2,1,1,0,1,1,0,1,1,1,0,1,0,2,1,1,1,1,1,0,1,1,0,1,1,0,1,0,1,0,1,1,1,0,0,0,1,1,1,1,1,1,1,1,1,0,1,1,1,1,1,1,1,2,0,1,0,1,0,1,1,0,1,0,1,0,1,1,1,1,1,1,1,1,0,1,1,1,0,0,1,0,1,0,1,1,1,0,1,1,1,1,1,1,1,0,0,0,1,1,1,1,1,1,1,1,0,1,1,0,0,1,1,2,1,0,1,1,1,0,0,0,0,1,1,1,0,0,1,0,1,1,1,1,0,1,1,0,2,1,1,1,1,1,1,0,1,1,1,1,0,2,1,1,0,1,0,2,1,1,1,1,0,1,0,1,1,1,1,0,1,1,1,1,1,1,1,0,1,0,1,1,1,1,1,1,0,0,1,1,1,1,1,1,1,0,1,1,0,1,1,1,1,0,1,1,0,1,1,0,1,0,1,0,0,1,1,1,0,1,0,1,1,1,1,0,1,1,1,1,1,0,1,2,1,0,0,1,1,1,1,1,1,1,1,1,1,0,1,1,1,1,1,0,1,1,1,0,1,1,0,0,1,1,1,1,1,1,2,1,1,0,1,1,0,1,0,1,1,1,0,1,1,1,1,1,1,1,1,1,2,1,1,1,1,1,2,1,1,0,1,1,1,1,1,1,1,1,1,1,0,1,1,0,0,1,1,1,1,1,1,1,0,0,1,1,1,1,0,1,1,2,0,1,1,1,1,1,1,0,0,1,2,1,1,1,2,0,1,0,1,2,1,1,1,1,1,1,1,1,0,1,2,1,1,1,0,1,0,1,0,0,1,1,1,1,0,1,0,1,1,1,0,0,0,1,1,0,1,0,1,1,1,0,1,1,1,0,0,1,1,0,0,0,1,0,0,1,0,1,1,1,0,1,1,1,1,1,1,1,0,1,1,0,1,0,0,0,0,1,0,1,1,1,1,1,1,1,0,0,1,1,1,1,2,2,1,0,1,1,0,0,1,0,1,1,0,1,1,0,1,1,2,1,1,1,1,1,1,1,0,1,1,0,0,1,1,1,1,1,1,1,1,1,1,0,1,1,1,1,1,1,1,1,1,1,1,1,1,1,1,1,1,1,1,1,0,1,1,0,1,0,1,1,1,1,1,1,1,1,1,1,1,0,1,1,1,1,1,1,1,1,1,1,1,0,1,1,1,0,1,1,1,1,0,1,1,1,1,1,1,2,1,1,1,1,1,1,0,1,1,1,1,1,1,2,1,1,1,1,1,0,1,1,1,1,0,0,1,1,0,2,1,1,0,1,0,1,1,1,1,0,0,1,1,0,1,1,1,1,1,1,1,1,1,1,0,1,1,1,1,1,2,1,1,1,1,1,1,1,0,1,1,1,1,1,1,1,1,1,0,1,1,1,0,0,1,0,0,1,1,1,1,1,1,1,1,1,1,1,1,0,0,1,1,1,1,1,1,1,0,1,0,1,1,0,1,1,1,0,1,1,1,1,1,1,0,1,1,1,0,1,1,1,1,1,1,1,0,1,1,0,1,1,1,2,1,1,1,1,0,1,1,1,1,1,1,1,1,1,1,1,1,1,1,1,1,1,1,1,0,1,1,1,1,0,1,1,1,1,2,1,1,1,1,1,1,1,1,1,1,1,1,1,1,1,1,0,1,1,1,0,0,1,1,1,0,1,1,1,0,1,1,1,1,1,0,1,2,1,2,0,1,0,0,1,1,1,1,0,1,1,0,1,1,1,1,1,0,0,1,0,1,0,0,0,0,0,1,0,1,0,1,1,1,0,1,1,1,1,1,1,1,1,1,1,1,0,0,1,1,2,1,2,1,1,0,1,1,1,1,1,0,1,1,1,1,1,1,0,1,1,1,1,1,1,0,1,1,0,0,1,1,1,1,0,0,1,1,0,1,1,0,1,1,1,1,1,0,2,2,1,1,1,1,1,0,1,0,1,0,0,0,0,1,1,1,1,1,1,1,1,1,1,0,0,1,1,1
3,4,6,2,3,2,3,3,3,2,2,4,3,2,3,3,2,0,3,3,0,0,4,1,1,2,2,3,0,3,1,1,0,4,0,1,4,3,3,4,2,2,0,1,0,1,0,1,1,1,0,1,1,1,1,1,1,1,1,1,1,1,0,0,0,0,1,1,0,1,1,1,1,0,1,1,1,0,1,1,1,0,1,1,1,0,1,1,0,1,1,0,1,1,1,1,1,1,1,1,1,0,1,1,1,1,1,0,0,1,1,1,2,0,1,2,1,1,1,1,0,1,2,1,1,1,1,1,1,2,0,0,0,0,0,1,1,1,1,1,1,0,2,1,1,0,1,1,1,1,1,1,0,1,1,0,1,1,1,1,2,0,1,1,1,1,1,1,1,1,0,1,1,0,1,0,1,0,1,1,1,1,1,0,1,1,1,1,1,1,0,1,0,1,0,1,1,1,1,1,1,1,0,1,1,1,1,1,1,1,0,1,1,1,0,1,0,1,1,1,1,1,0,1,0,1,1,1,1,1,1,1,1,0,1,1,1,0,1,0,0,0,1,1,2,1,1,1,1,1,1,1,1,1,1,0,1,1,1,1,2,1,1,2,1,1,1,1,1,1,1,0,1,0,1,1,1,1,1,0,1,1,1,1,1,1,0,1,1,0,0,1,1,0,1,0,1,1,1,1,1,1,1,1,1,1,1,0,1,1,1,1,1,1,1,1,1,1,1,1,1,0,1,1,0,0,0,1,1,2,1,1,1,1,1,1,1,1,1,1,1,1,1,1,1,1,1,1,0,1,1,1,0,1,0,1,0,1,1,0,1,1,1,1,1,1,1,1,1,1,1,2,1,1,0,1,1,1,1,1,1,0,1,1,1,1,0,0,1,1,1,0,1,1,1,1,0,1,0,1,0,1,1,0,1,1,0,1,1,1,1,0,1,1,1,0,0,1,0,0,0,0,0,1,1,1,0,1,0,1,1,1,1,1,1,1,1,1,0,2,1,1,1,1,1,0,1,1,1,0,1,1,1,0,1,1,1,0,1,1,1,1,1,1,0,1,0,0,1,1,1,0,1,0,1,0,1,1,1,1,0,1,1,1,0,1,0,1,0,1,1,1,0,1,1,1,2,1,1,1,1,1,0,1,1,1,1,0,1,1,1,1,1,1,0,1,1,1,0,1,1,0,1,1,1,0,1,1,1,0,1,1,0,1,1,1,1,0,1,2,0,1,0,0,1,1,1,1,1,1,1,1,1,1,0,1,1,1,0,1,1,1,0,1,1,1,1,1,1,0,1,1,1,1,0,1,1,1,1,0,1,0,1,1,1,1,1,0,1,1,1,1,0,1,0,1,1,1,1,1,0,1,0,1,0,1,1,1,1,1,0,2,1,1,1,1,0,1,0,1,1,1,0,1,0,0,1,0,0,0,1,0,1,0,1,1,0,0,0,1,1,1,1,1,1,1,0,1,1,1,1,1,1,1,0,0,1,0,1,1,2,1,0,1,0,0,1,1,1,1,0,1,1,1,1,1,1,0,1,2,1,1,1,1,1,1,1,1,1,1,1,1,1,1,1,0,1,1,1,0,1,1,1,0,1,0,1,0,1,0,2,1,1,1,0,1,0,0,1,2,1,1,1,0,1,1,0,0,2,1,1,1,0,1,1,1,1,0,2,1,1,1,2,1,1,0,0,0,1,0,1,1,1,1,1,1,1,2,1,1,1,1,0,1,1,1,1,1,0,1,1,1,1,1,0,1,1,0,1,1,1,1,1,1,1,0,0,1,1,0,1,1,1,1,1,1,1,1,1,1,1,1,1,1,1,1,1,1,0,0,1,1,1,1,1,1,1,1,1,1,1,0,0,1,1,0,1,1,1,1,0,1,1,1,1,1,1,0,1,1,1,1,1,1,1,1,1,1,1,1,1,1,1,0,0,0,1,1,1,1,1,1,2,1,1,1,1,1,1,1,1,2,2,1,1,1,1,1,1,1,1,1,0,1,1,1,0,0,1,1,0,2,2,1,0,1,1,1,1,1,2,2,1,1,1,1,1,1,1,0,1,0,1,1,1,1,1,1,1,0,1,1,1,1,1,0,1,1,1,1,1,1,1,1,1,1,1,1,1,1,1,1,1,1,0,0,1,1,1,0,1,1,0,1,1,1,0,1,2,1,1,1,2,1,1,0,1,1,1,1,0,1,1,1,1,1,0,0,1,0,1,1,1,1,1,1,1,1,1,1,1,1,1,1,1,1,1,1,1,1,1,1,2,1,1,1,0,1,1,1,1,1,0,1,1,1,0,1,1,1,2,1,1,1
4,0,0,1,1,0,1,0,1,1,0,1,0,2,1,1,1,0,0,1,2,0,1,1,1,1,1,0,1,0,1,1,1,1,1,1,2,1,1,1,1,1,0,1,1,1,2,1,1,0,1,1,0,1,1,0,1,1,1,1,1,1,1,1,1,1,1,1,0,0,0,1,1,0,1,2,1,1,0,1,0,0,1,0,0,1,1,0,1,1,1,0,1,1,1,1,1,1,1,0,1,2,1,1,0,1,1,1,1,0,1,0,0,0,1,1,0,0,1,0,1,2,1,0,1,1,1,0,1,1,1,1,2,1,1,1,1,0,1,1,0,1,1,1,1,0,1,2,1,2,1,1,0,1,1,1,1,1,1,1,1,1,0,1,0,1,0,0,1,1,2,1,1,1,0,0,0,1,1,2,1,0,2,2,1,0,1,1,1,1,1,1,1,1,0,0,2,1,1,1,1,1,1,1,1,1,0,1,1,0,0,1,0,0,1,1,2,1,1,1,1,1,0,1,1,1,1,1,1,1,1,0,1,0,1,0,1,0,0,1,1,1,1,1,1,1,1,1,1,1,1,1,0,1,0,1,1,1,1,1,0,1,2,1,1,1,1,1,1,0,0,1,0,1,0,0,0,1,1,1,0,0,1,0,1,0,1,1,0,1,1,1,0,1,0,1,1,1,0,1,1,0,2,0,0,1,1,0,1,1,1,0,1,1,1,0,0,1,0,0,0,1,0,1,0,0,1,1,0,0,1,1,1,1,1,1,1,0,1,1,0,1,2,0,1,2,1,1,0,0,1,2,1,0,0,1,1,0,1,0,1,1,0,1,1,1,1,1,0,1,1,1,1,2,0,0,2,1,1,1,1,1,1,1,0,1,1,1,1,1,1,0,1,1,1,1,1,2,1,1,0,1,1,0,1,1,1,1,1,1,0,1,1,1,0,0,0,0,0,2,1,1,1,1,1,1,1,1,1,1,1,1,0,1,1,2,0,1,1,1,1,0,1,1,1,1,1,2,1,0,1,1,1,1,1,0,1,0,0,0,1,0,0,1,1,1,1,0,0,1,1,1,1,0,1,1,0,1,1,2,0,0,0,0,1,1,1,1,1,1,1,1,1,0,1,0,0,1,1,1,1,1,0,1,1,1,1,0,1,1,1,2,1,0,0,1,1,1,0,1,1,1,0,0,1,1,1,1,2,0,1,1,1,1,0,0,1,1,0,1,2,1,1,1,1,1,1,1,1,1,1,0,0,2,1,2,0,1,0,0,1,0,1,1,0,2,0,0,1,1,0,0,1,0,1,1,0,1,0,0,1,0,0,0,1,1,1,1,1,1,1,0,1,1,1,1,1,1,0,1,0,0,0,0,1,0,1,0,1,0,1,1,2,1,1,1,0,1,2,1,1,0,1,1,1,0,0,1,2,1,0,1,0,1,1,1,0,0,1,1,0,1,1,0,1,1,1,0,1,1,0,1,1,1,1,1,0,1,1,1,1,0,1,1,0,0,1,1,1,0,0,0,1,1,1,0,1,1,0,1,1,1,1,1,1,0,0,1,0,1,0,2,1,1,1,1,1,0,0,1,1,1,0,1,1,1,0,0,1,1,1,1,1,1,0,0,1,1,0,0,0,0,1,1,1,0,1,0,0,1,0,1,1,0,1,1,1,0,1,1,1,0,1,1,1,1,0,1,1,1,0,1,1,1,0,0,2,1,1,0,0,0,1,1,1,1,0,0,1,1,1,1,1,1,1,1,0,1,1,0,1,1,1,1,2,1,1,0,1,1,1,0,1,1,1,1,1,1,1,1,0,0,0,0,1,1,1,0,1,1,1,1,0,1,2,1,1,1,1,0,1,1,1,1,2,1,1,1,0,1,1,1,1,1,1,0,1,1,0,0,0,0,1,1,0,1,1,0,1,1,1,1,0,1,1,1,0,1,1,1,1,1,0,0,0,1,1,2,1,0,0,1,0,1,1,0,0,1,0,1,0,0,0,1,0,1,1,0,0,0,1,1,1,1,1,0,0,1,1,1,1,1,1,2,0,1,1,1,1,1,1,0,1,0,1,1,1,1,1,0,1,1,1,1,1,2,1,0,0,1,1,1,0,0,1,1,1,1,1,0,0,0,0,0,1,1,2,1,0,1,1,1,1,1,0,1,1,1,1,0,1,1,1,1,0,1,1,1,2,1,0,1,1,1,1,1,0,1,1,1,0,0,1,1,1,0,1,1,1,0,0,2,0,1,1,1,1,1,0,1,0,1,1,1,0,0,1,1,1,1,0,1,1,1,1,1,0,1,0,1,1,0,1,1
5,4,6,1,2,5,5,8,2,8,2,0,0,4,0,2,1,4,0,4,3,0,3,3,1,1,1,1,1,1,1,1,2,1,0,1,1,0,1,0,1,1,1,1,1,1,1,1,1,0,1,0,1,1,1,1,1,1,1,0,0,1,1,1,1,0,1,1,0,1,1,2,1,1,1,1,1,1,1,1,2,0,1,1,1,2,1,0,1,1,0,2,1,0,1,0,1,1,1,1,1,1,1,1,1,1,0,1,1,1,1,1,2,1,1,1,1,1,1,1,0,1,1,1,1,1,1,1,1,2,2,1,1,1,1,1,1,1,1,1,1,1,1,0,1,1,1,1,1,0,1,1,1,1,1,1,1,1,0,1,1,1,1,1,1,1,1,0,1,1,1,1,1,1,1,1,1,1,1,1,0,0,1,0,1,1,0,1,1,1,1,1,1,1,1,1,0,1,1,1,0,1,1,1,1,1,1,1,1,1,1,0,1,1,1,1,1,1,0,1,1,1,1,2,1,0,1,1,1,1,1,1,1,0,0,0,1,0,1,1,1,1,1,1,1,2,1,1,1,1,2,1,1,1,1,1,1,0,1,0,1,1,1,1,1,1,1,1,1,0,1,1,1,1,0,1,0,1,1,1,1,1,1,1,1,0,1,1,1,1,1,1,1,1,1,1,1,1,1,1,1,1,0,1,1,1,1,1,1,0,1,1,1,1,1,1,1,1,1,0,0,1,1,1,1,1,1,1,1,1,0,1,1,1,2,1,1,0,1,1,1,1,1,1,1,1,1,1,1,1,1,1,0,0,1,1,1,1,1,1,1,1,1,1,1,1,1,1,1,1,0,1,0,1,1,1,1,1,1,1,1,1,1,1,1,1,1,1,0,1,0,0,1,0,1,1,1,0,1,0,0,1,1,0,1,0,1,0,2,0,1,1,1,1,1,1,0,1,1,1,1,1,1,1,0,1,1,1,0,1,1,1,1,2,0,0,0,1,1,1,1,1,1,1,1,0,1,0,1,1,1,1,1,1,1,1,1,1,0,1,1,1,1,1,1,1,1,1,1,1,0,1,1,1,0,1,0,1,1,1,1,0,1,1,1,0,2,1,1,1,1,1,2,1,1,0,0,1,1,0,1,1,1,1,1,1,1,1,1,1,1,1,1,1,1,1,1,1,0,1,1,1,0,1,1,0,1,1,0,1,1,0,1,1,1,0,1,1,1,1,1,1,1,1,1,1,0,1,1,1,1,1,1,2,0,1,1,1,1,1,1,0,1,1,1,1,1,1,1,2,1,0,1,1,1,1,1,1,1,0,0,1,1,1,0,1,1,1,1,1,1,1,0,2,1,1,1,1,1,0,1,1,1,1,1,1,1,1,1,1,1,1,1,1,1,1,1,1,1,1,1,1,1,1,0,1,1,1,0,1,1,1,1,1,1,1,1,1,1,1,1,1,1,1,1,1,1,1,1,0,1,1,1,1,1,1,1,1,1,1,1,1,1,1,1,2,1,0,0,1,1,1,1,1,1,1,1,1,1,1,1,1,1,1,1,1,1,0,1,1,1,1,2,1,0,1,1,1,1,2,1,1,1,1,2,1,0,1,1,1,0,1,1,1,0,1,1,0,0,1,1,1,0,1,0,1,1,1,1,0,1,1,1,0,1,1,1,1,0,1,2,1,0,0,0,1,1,1,0,1,1,1,1,1,1,0,1,0,1,1,1,1,1,1,0,2,1,1,1,1,0,1,1,1,1,1,1,1,1,1,0,1,1,1,1,1,1,1,1,0,1,1,1,1,1,1,2,1,1,0,0,1,0,0,1,1,1,1,1,1,0,1,1,1,0,1,1,1,1,1,1,1,1,1,1,1,1,1,1,1,1,1,0,0,1,0,1,1,1,1,1,1,0,1,0,0,1,0,1,1,2,1,1,1,1,1,1,1,1,1,0,0,1,1,0,1,2,1,1,1,1,0,0,1,1,0,0,1,1,1,1,1,1,1,1,1,1,0,0,1,1,1,1,1,1,1,1,0,2,1,1,0,0,1,1,1,1,1,1,1,1,1,1,1,1,1,0,1,1,0,1,0,1,1,0,1,1,1,1,1,1,1,1,1,1,1,1,1,1,1,1,1,1,1,1,1,0,1,1,1,0,1,1,0,1,0,1,0,1,1,1,2,2,1,1,1,1,1,1,1,1,1,1,1,1,1,1,1,1,1,1,0,0,1,1,0,2,1,1,1,1,1,1,1,1,1,1,0,1,1,1,2,1,1,1,0,1,1,1,1,1,1,0,1,1,1,1,1,1,1,1,0,1,1
6,2,6,5,0,0,0,6,0,4,2,2,1,1,0,1,0,1,1,1,1,0,1,1,1,1,1,1,1,1,1,1,1,1,0,1,1,0,0,2,1,0,0,1,1,0,1,1,1,1,1,1,1,0,1,1,1,1,1,1,1,1,0,0,1,1,1,1,1,1,0,1,0,1,0,1,1,1,2,1,1,0,1,1,1,1,1,1,2,1,1,1,1,1,1,1,0,0,1,1,1,1,0,1,0,1,1,1,1,1,0,1,1,2,0,1,1,1,0,1,0,1,1,0,1,0,1,1,2,1,0,0,1,1,1,1,1,1,1,1,1,1,1,1,1,1,1,1,0,1,1,2,1,1,2,0,1,1,0,1,1,1,0,1,1,2,2,2,1,1,1,1,1,1,0,1,1,0,2,0,1,1,0,1,1,0,0,1,1,0,1,1,1,1,0,0,0,1,1,0,1,1,1,1,1,0,1,1,1,1,1,1,1,1,1,2,1,1,1,1,0,1,1,1,0,1,1,1,0,1,1,1,1,1,1,1,1,1,1,2,1,1,0,1,2,0,1,1,1,0,1,1,1,0,1,1,1,1,0,1,0,1,1,1,1,1,0,1,1,1,1,1,1,1,1,1,1,1,1,1,1,1,1,0,0,1,1,1,1,1,1,2,1,1,1,1,1,1,1,1,1,0,1,1,0,0,0,0,1,0,1,1,1,1,1,1,1,1,0,1,1,1,2,0,1,1,0,1,0,0,1,1,2,0,2,1,1,1,0,1,0,1,1,1,0,1,1,1,1,2,2,1,2,1,1,1,1,1,1,0,1,1,0,1,1,1,1,0,0,1,1,1,0,1,0,1,1,1,0,2,1,1,1,0,1,1,1,1,1,1,0,0,1,1,1,1,1,1,1,1,1,1,1,1,1,1,1,1,1,1,1,1,1,1,1,1,0,1,0,1,1,1,1,0,1,1,1,0,1,1,1,1,1,1,1,1,1,1,0,1,1,1,1,1,1,1,1,1,1,1,1,1,1,0,0,0,0,1,1,0,1,1,1,0,1,1,1,1,1,1,1,1,1,1,1,1,0,1,1,1,2,1,1,1,1,1,0,1,1,1,1,0,1,2,1,1,1,0,1,1,1,1,1,0,1,2,1,1,0,0,1,1,1,1,1,1,1,1,0,1,1,1,1,1,1,1,1,1,1,0,1,1,1,1,2,0,1,1,0,0,2,1,1,2,1,1,0,0,1,1,1,0,1,1,0,1,0,1,1,1,1,1,0,1,1,0,1,1,1,1,1,1,1,1,0,1,1,0,1,0,1,0,1,1,0,1,1,1,0,1,1,0,1,1,1,1,1,1,1,1,1,0,1,1,1,1,1,1,1,1,1,0,1,1,1,1,1,0,1,0,1,0,0,0,1,1,1,1,1,1,1,0,1,1,0,1,2,1,0,1,1,2,1,1,1,1,1,1,1,1,1,1,0,1,2,2,0,1,1,1,1,1,1,2,1,0,1,0,1,1,0,1,1,1,0,1,1,1,0,1,0,1,1,1,1,1,1,1,2,1,1,1,1,1,0,2,0,1,1,1,1,1,1,1,0,1,0,1,0,1,1,1,0,2,0,1,1,1,1,1,1,1,1,1,1,1,0,2,0,1,1,1,1,1,0,1,1,1,1,1,1,1,0,1,2,1,1,1,0,1,1,0,1,1,1,1,1,0,2,1,0,0,1,1,2,1,1,1,1,1,1,1,1,1,1,1,1,1,1,1,0,0,1,1,1,1,1,1,1,1,1,1,1,1,1,1,1,1,1,1,1,1,0,1,1,1,1,1,1,1,1,0,1,1,1,0,1,1,1,1,0,1,1,1,1,1,1,1,1,1,1,1,1,1,0,1,1,1,0,0,0,1,1,0,1,1,1,0,1,1,1,1,2,1,1,1,1,1,1,1,1,1,1,0,1,1,1,1,0,1,1,2,0,1,1,0,1,1,1,1,1,0,0,1,0,2,1,1,0,2,1,0,0,0,1,1,1,0,2,1,1,0,1,1,1,1,1,0,1,1,1,1,1,1,1,0,1,1,1,1,1,1,1,1,1,1,1,1,0,1,1,1,0,1,0,1,1,0,1,1,1,1,1,1,2,1,0,0,1,0,1,1,1,0,0,1,1,1,1,2,1,0,1,0,2,0,1,0,1,1,1,0,2,0,1,1,1,1,1,1,0,1,1,1,1,1,1,0,1,1,0,1,0,1,1,1,2,1,1,0,1,1,1,1,1,1,1,1,1,1,1,0,1,1,2,1,1,1,0,0,1,0,1,0
7,7,3,6,4,3,4,0,4,3,0,0,0,3,3,0,1,2,1,0,1,1,1,1,1,0,2,1,0,1,1,1,1,1,1,1,1,1,1,1,1,1,1,1,1,1,1,1,1,1,1,1,1,1,1,1,2,1,1,1,1,0,1,1,1,1,1,1,1,1,0,1,1,1,1,1,1,1,1,1,1,1,0,1,0,1,1,1,1,1,1,1,1,1,1,0,1,1,0,0,1,1,0,2,1,1,1,1,2,1,2,1,1,1,0,1,1,0,0,1,1,1,0,1,1,0,0,1,0,0,0,1,0,1,1,0,0,1,0,1,0,1,1,0,1,1,0,1,1,1,1,1,1,0,1,1,1,1,1,1,0,1,1,0,1,1,0,1,0,1,1,1,1,1,0,1,1,1,1,1,0,0,1,0,0,1,1,1,1,1,1,2,1,1,1,1,0,0,0,1,0,0,1,1,1,1,1,0,0,0,1,1,1,1,1,1,1,1,1,1,1,1,0,1,1,0,1,1,1,1,0,1,1,1,1,1,1,1,1,1,1,1,1,1,1,1,1,1,1,1,1,0,1,0,1,1,0,1,0,1,1,1,1,1,2,1,1,1,1,0,1,1,1,1,1,1,1,1,1,1,0,1,1,1,1,0,1,0,1,1,1,1,1,2,2,1,1,1,1,1,1,1,1,0,0,1,1,1,1,0,0,1,1,1,1,1,1,1,0,1,1,1,1,1,1,0,1,0,1,1,1,1,1,1,1,0,0,1,0,1,1,1,1,1,0,1,0,1,1,1,1,1,1,1,1,1,1,1,0,1,1,1,1,0,0,1,1,1,0,1,1,1,1,0,1,2,1,2,2,1,1,1,0,1,1,1,0,1,1,1,0,1,0,0,1,0,1,0,1,1,1,0,1,1,1,1,1,1,1,2,1,1,1,1,2,1,1,1,0,0,1,2,1,1,1,1,1,1,2,1,1,1,1,1,1,1,1,0,1,0,0,1,0,1,2,1,1,0,1,1,2,1,0,1,0,2,1,0,1,1,1,0,1,1,1,2,1,0,0,1,0,1,1,1,1,0,1,1,1,1,1,1,1,1,0,1,1,1,1,1,1,1,0,1,1,1,1,1,1,1,1,1,1,0,0,0,1,1,0,0,1,1,1,0,0,1,1,1,1,1,0,1,1,1,1,1,2,1,0,1,1,1,1,1,2,1,1,2,1,1,2,1,1,1,1,1,1,1,1,1,1,1,1,0,0,1,1,1,1,1,1,2,1,0,1,0,0,0,1,1,1,1,1,0,1,1,1,0,1,1,0,1,1,1,1,0,1,1,1,1,2,1,0,1,1,1,1,1,1,1,1,1,1,1,1,0,1,1,1,1,1,2,1,2,1,1,1,0,1,1,1,1,2,1,0,0,1,0,1,1,1,1,0,1,1,0,1,1,1,1,1,2,1,1,1,1,1,2,1,1,1,2,1,1,0,1,1,1,1,1,1,1,1,1,1,1,1,1,1,1,1,1,1,0,2,1,0,2,1,1,1,0,1,1,1,1,1,1,1,1,1,1,1,0,1,1,1,1,1,1,1,1,0,1,0,1,1,1,1,0,0,1,1,2,1,1,1,1,1,1,1,0,1,0,2,0,0,0,1,1,1,1,1,1,0,1,1,0,2,1,1,1,1,0,1,1,1,0,0,1,1,0,1,1,1,1,1,0,0,1,1,1,1,1,1,1,0,1,0,1,1,1,1,1,1,2,1,1,1,1,1,1,1,1,1,0,2,1,1,1,1,0,1,1,1,1,1,0,1,1,1,1,1,1,1,0,1,1,0,1,1,0,0,1,1,1,1,1,0,1,1,0,2,0,1,1,1,1,1,1,0,1,0,0,1,2,0,1,2,1,1,1,1,1,1,1,0,1,0,0,1,1,1,1,1,1,0,1,1,1,1,1,1,0,0,1,1,1,1,1,1,1,1,1,1,1,1,1,1,1,1,1,1,0,1,1,1,1,1,0,1,1,0,1,1,1,0,0,1,0,0,1,1,2,1,1,0,0,1,1,1,2,1,0,0,1,2,0,1,1,0,0,0,0,1,1,1,1,1,1,1,1,0,1,0,1,1,0,1,1,1,1,1,1,1,1,1,0,1,1,1,1,1,1,1,1,1,1,1,1,1,0,1,1,1,1,1,1,0,1,1,1,0,0,0,1,0,1,1,0,1,1,0,1,1,1,1,1,1,1,0,1,1,1,1,1,0,1,1,1,1,1,1,1,1,1,0,1,1,1,1,0,1,0,0,0,0,2,1,1,1,1,1,1
8,5,5,2,0,1,3,0,1,1,1,1,0,1,1,1,1,1,1,0,1,0,1,1,1,0,1,1,1,0,0,1,1,1,1,1,0,1,2,1,1,1,1,1,1,1,1,0,1,1,1,0,1,1,1,1,1,1,2,1,1,1,1,1,1,1,1,1,1,0,0,1,1,1,0,1,1,0,1,1,1,0,1,1,1,1,1,1,0,1,1,0,0,1,1,1,1,1,2,1,1,0,1,0,1,1,1,1,0,0,1,0,1,1,0,1,1,1,0,0,1,1,1,1,0,1,1,1,1,1,2,1,1,1,1,1,1,0,1,1,1,1,1,1,1,0,1,1,1,1,1,1,1,1,0,1,1,1,2,0,1,1,1,1,1,1,0,2,1,1,1,1,1,0,1,1,0,1,1,1,1,1,1,1,0,0,2,1,1,1,1,1,1,1,0,1,1,0,0,1,0,1,0,1,0,1,1,0,2,1,1,1,1,0,1,0,1,1,1,1,0,1,1,2,1,1,2,1,0,1,1,0,1,1,1,0,0,2,1,1,1,0,1,1,1,1,0,1,1,1,1,1,1,1,0,1,1,1,1,1,2,0,1,0,1,1,0,1,0,1,1,1,1,1,1,0,0,1,1,0,1,1,1,1,1,1,0,1,0,1,1,0,1,1,1,1,0,1,0,0,0,1,1,1,1,1,0,2,1,1,0,0,0,1,1,1,1,0,1,1,0,1,1,1,2,1,1,1,1,1,1,1,1,1,1,1,0,2,1,1,1,1,0,1,1,1,1,1,1,1,1,1,1,0,1,1,1,0,1,0,0,1,0,1,1,2,1,0,1,1,1,1,1,0,1,1,1,1,1,1,1,0,1,0,0,1,1,1,1,1,1,1,0,2,1,1,1,1,1,0,1,1,1,1,0,0,1,1,1,0,1,1,1,1,1,1,1,1,1,1,0,1,1,1,1,1,0,1,1,2,1,0,0,1,1,1,0,1,0,0,1,0,1,1,1,1,0,1,1,1,1,0,1,0,1,2,1,1,0,1,0,1,0,1,1,0,1,1,1,1,1,0,1,1,1,1,1,1,1,1,2,1,1,0,1,1,0,2,0,1,1,0,1,1,1,1,1,1,0,1,2,1,1,1,1,0,1,1,1,1,1,1,1,2,1,0,1,1,1,1,0,1,1,1,0,2,1,1,1,2,1,0,1,0,1,1,0,1,0,0,1,1,1,1,1,1,0,0,1,1,1,1,1,0,0,1,2,1,1,0,0,2,1,1,0,0,1,0,1,1,0,1,1,1,1,1,1,1,1,1,0,1,2,1,1,0,1,2,1,1,1,1,1,1,1,1,1,1,1,1,1,1,1,1,1,1,1,1,0,0,0,1,1,0,2,2,1,0,1,1,0,1,1,0,0,1,0,1,1,0,1,0,1,1,0,1,1,1,0,1,1,1,1,1,1,1,1,0,1,1,0,1,1,1,1,1,0,0,1,1,1,1,1,2,1,1,1,1,1,1,1,1,1,1,1,1,1,0,1,1,1,1,1,1,1,1,0,0,1,0,1,1,1,1,1,0,1,0,0,1,1,0,1,2,1,1,1,1,1,1,1,1,0,0,0,1,0,1,1,1,1,1,1,1,1,1,0,1,1,0,1,0,0,0,1,1,1,1,1,1,1,1,0,0,1,0,1,1,0,0,1,0,1,1,2,0,1,1,0,1,1,1,1,2,1,1,1,1,0,1,1,1,1,0,1,0,1,1,1,0,1,1,1,0,1,0,1,1,1,1,1,1,1,0,1,1,1,0,0,1,1,1,0,1,0,0,0,1,1,0,0,0,0,1,1,2,1,1,1,1,1,1,1,1,1,1,1,1,1,1,1,0,1,1,1,1,1,1,1,1,0,1,0,1,1,1,1,1,1,0,0,2,0,1,0,1,1,1,1,1,0,0,1,1,1,1,1,0,1,1,1,0,1,0,1,1,2,0,1,0,1,0,1,1,1,1,0,1,0,1,1,1,0,0,1,1,1,1,0,1,1,1,1,1,1,1,1,1,0,0,1,1,1,1,0,1,1,1,1,1,1,0,0,1,1,1,1,1,1,1,1,0,1,1,0,1,1,0,1,1,1,1,2,1,0,1,1,2,1,1,1,2,0,1,1,0,1,1,0,1,1,1,0,1,1,1,1,1,1,1,1,1,1,0,1,1,1,2,2,1,1,1,1,1,0,0,1,1,0,1,1,1,0,1,1,0,1,1,1,0,1,1,2,2,1,1,0,0,1,1,1,1,1,0,1,0,1,1,0,1,1,1,1,0
9,1,4,4,4,1,5,4,1,2,1,1,1,1,1,1,0,1,1,1,1,1,0,1,1,1,1,1,1,1,1,1,0,0,1,1,0,1,0,1,1,1,1,1,1,1,1,0,1,1,0,2,1,1,0,1,1,1,1,1,2,0,0,0,2,0,1,0,0,1,1,1,1,1,0,1,1,0,1,1,1,1,0,1,1,1,1,1,1,1,1,2,1,0,1,1,0,1,0,0,1,1,1,1,1,0,1,0,0,1,2,0,1,1,1,1,1,1,1,0,1,0,1,1,1,1,1,2,1,1,1,1,2,0,1,1,1,1,0,1,1,1,2,1,1,1,1,1,1,1,2,2,0,1,1,1,0,1,1,1,0,1,1,1,1,1,1,1,1,1,0,1,0,1,1,1,0,1,1,1,1,1,0,0,1,1,1,1,1,1,1,1,1,1,0,1,1,1,1,1,1,1,1,1,1,1,1,1,1,1,0,1,1,1,1,1,1,0,1,1,1,1,0,0,1,1,1,1,1,0,1,0,1,0,2,1,1,1,1,1,1,1,1,1,1,1,1,2,1,0,1,1,0,1,1,1,1,0,0,0,1,1,1,1,1,1,1,1,1,1,1,0,1,1,2,0,0,1,1,1,1,0,1,1,1,1,1,2,1,2,1,1,1,1,1,1,1,1,2,1,1,1,2,1,1,0,1,0,1,1,1,1,1,1,0,0,1,1,1,0,1,1,1,0,1,1,1,1,1,1,1,0,1,0,0,1,2,1,0,1,1,1,0,0,1,0,1,0,1,1,1,1,1,0,1,1,1,1,1,0,1,1,1,1,1,1,1,1,0,1,0,0,1,0,1,0,0,0,1,1,1,1,1,1,0,2,1,1,1,1,1,0,1,0,1,1,1,1,0,1,1,0,0,1,1,0,1,1,1,1,0,1,0,1,1,1,1,1,1,0,0,1,1,1,1,1,1,1,2,1,1,1,1,1,0,0,1,1,1,1,1,1,1,0,1,1,1,1,1,2,0,1,1,0,1,1,1,1,0,1,1,1,1,1,1,1,1,1,0,1,1,1,1,1,2,1,1,0,1,1,1,1,1,1,1,0,1,1,1,0,1,1,1,0,1,1,1,1,1,0,0,0,1,1,1,1,1,1,0,1,0,1,1,1,2,1,1,1,1,1,1,1,1,1,1,0,1,0,2,1,1,1,0,1,1,0,1,1,0,1,1,1,1,0,1,1,1,1,2,1,0,1,0,1,1,1,1,1,1,1,1,1,1,1,1,1,0,2,1,1,0,0,1,1,1,0,1,1,1,1,1,1,1,1,1,0,1,1,1,1,1,1,0,1,1,1,1,0,1,1,1,0,1,1,1,1,1,1,1,1,0,0,0,0,1,0,0,1,1,0,1,1,1,1,0,1,1,1,1,1,0,0,2,0,1,1,1,1,1,1,1,0,1,1,1,1,1,1,1,1,0,1,0,0,1,0,1,1,0,1,1,1,1,1,1,0,1,1,1,0,1,1,0,1,1,0,1,1,1,1,1,1,1,1,0,0,1,1,1,1,1,1,0,1,1,1,1,0,1,1,1,1,1,1,1,1,0,0,1,0,1,1,1,1,1,1,1,1,1,1,1,2,1,0,1,1,0,1,1,2,0,1,0,1,1,1,1,1,1,0,2,1,0,1,1,1,0,1,0,1,1,1,1,1,1,1,0,1,1,1,1,1,1,1,1,1,1,1,1,1,1,1,0,0,1,0,1,1,1,1,1,1,1,1,1,2,1,1,1,1,0,1,1,1,0,1,1,0,0,1,1,1,0,1,1,2,1,1,1,1,1,1,1,0,1,1,0,0,1,1,1,1,0,0,1,1,1,0,1,1,1,1,1,1,1,1,1,1,1,1,1,0,1,1,1,1,1,1,1,1,1,0,1,1,1,1,0,1,0,2,1,1,1,1,1,1,0,1,1,0,0,1,1,1,1,1,1,1,1,0,1,1,1,1,0,1,1,0,1,1,1,1,1,1,1,1,1,0,0,1,0,1,1,0,0,1,1,0,0,1,1,0,1,0,1,1,0,0,1,1,0,1,1,1,1,1,1,0,1,2,1,1,1,1,1,1,0,1,1,1,1,1,1,1,1,1,1,1,1,0,1,1,1,0,1,0,1,1,1,1,2,0,1,0,1,0,1,1,1,1,1,1,1,1,0,1,2,1,1,0,1,2,1,1,1,1,0,0,0,1,1,1,0,1,0,1,1,1,1,1,1,1,1,1,0,1,1,1,0,2,1,1,1,1,1,1,1,1,1,1,1,1,1,1
10,3,4,2,2,2,0,1,2,1,1,1,1,1,1,1,0,1,1,1,1,2,1,1,1,0,2,1,1,1,1,0,0,1,1,0,0,1,1,1,1,1,0,0,0,1,0,1,2,1,1,1,1,0,1,1,1,1,2,1,1,1,1,0,1,1,1,1,2,1,0,1,0,1,1,1,1,1,1,0,1,1,1,0,1,2,0,1,2,1,1,1,1,1,1,1,1,1,0,1,1,2,1,0,1,1,1,1,1,1,1,1,1,1,1,1,1,1,1,1,1,1,0,0,1,1,1,0,1,1,1,1,1,1,1,1,1,1,0,1,0,0,1,1,1,1,0,1,1,2,1,1,1,1,1,1,2,1,1,1,2,2,1,0,1,1,0,1,1,1,1,1,1,0,1,2,0,1,0,1,1,1,1,2,1,1,1,1,1,1,1,2,0,2,1,1,1,1,1,1,1,1,1,1,1,1,1,1,1,1,0,1,1,0,1,1,2,1,1,1,1,1,1,1,1,1,1,1,1,1,0,1,0,1,2,1,1,0,1,2,1,1,1,1,0,1,1,1,1,1,1,1,1,0,1,1,0,1,1,1,1,1,0,1,0,1,0,1,1,1,1,0,1,1,1,0,1,1,1,1,1,1,1,1,2,1,1,1,1,1,1,1,1,1,1,1,0,0,1,1,0,1,1,0,1,1,1,1,0,2,1,1,1,1,1,0,0,1,1,1,1,1,1,1,1,1,1,1,1,0,1,2,1,0,0,1,1,1,1,0,1,0,0,1,1,1,1,1,1,1,1,0,0,1,1,1,0,1,1,1,1,0,2,1,1,0,1,2,1,1,1,1,2,1,0,1,0,1,1,0,2,0,1,1,1,1,1,1,1,1,0,1,0,1,0,1,0,0,1,1,1,1,1,0,1,1,0,1,1,0,1,1,1,1,1,1,0,2,0,1,1,1,1,1,0,1,1,1,1,1,0,1,0,1,1,1,1,0,1,1,1,1,1,1,1,1,1,1,1,1,1,0,1,2,0,0,1,1,0,1,1,1,0,0,1,1,1,2,1,0,1,1,0,1,1,1,1,1,1,1,0,1,1,1,0,1,0,1,1,0,2,0,1,1,1,1,1,0,1,1,1,0,1,1,1,0,1,0,1,1,1,1,1,1,1,0,0,0,0,1,2,1,1,0,1,1,2,1,1,1,1,0,1,0,1,1,1,1,1,1,1,1,0,1,1,1,1,0,1,1,1,0,1,1,1,1,1,1,1,1,1,1,1,1,0,1,2,1,1,1,1,1,1,1,0,0,1,1,1,1,1,1,0,1,1,0,1,0,1,1,1,1,1,1,0,1,0,1,0,2,1,1,2,1,1,1,0,1,1,1,1,1,0,1,0,1,0,1,0,1,0,0,1,1,1,0,2,1,1,1,1,1,1,1,1,0,1,1,1,1,1,1,1,0,1,1,1,1,1,1,0,1,0,1,0,1,2,1,1,0,1,1,1,0,1,1,1,1,1,1,1,0,1,1,1,0,1,0,2,1,0,1,1,1,0,0,0,1,1,1,0,1,1,0,1,1,1,0,0,0,0,1,1,1,1,0,1,1,1,1,1,1,1,1,1,0,1,1,1,1,1,1,1,1,1,2,1,1,1,1,0,1,1,1,1,1,1,1,1,1,1,1,0,1,1,1,1,1,1,1,0,1,0,0,1,1,1,1,0,1,1,1,1,2,1,1,1,1,1,0,1,1,1,1,1,1,1,1,0,1,1,1,1,1,1,1,1,1,1,0,0,1,2,0,1,1,1,1,1,1,1,1,1,1,0,0,1,1,2,1,1,1,0,0,1,1,1,1,1,1,0,1,0,1,0,1,1,0,1,1,1,1,0,1,1,1,1,1,1,0,0,1,1,0,0,1,1,1,1,1,1,0,1,1,0,1,1,1,1,1,1,1,1,1,2,0,1,1,1,0,1,1,1,1,1,1,1,1,1,1,1,2,0,0,0,1,1,0,1,2,1,1,1,1,2,1,1,0,1,1,1,0,1,1,1,1,1,1,1,1,1,1,1,1,1,0,0,1,1,2,1,1,1,1,1,1,1,0,1,2,1,1,0,1,1,2,1,1,0,1,0,1,1,1,1,0,2,0,1,1,0,1,1,0,2,0,1,1,1,0,1,1,1,2,1,1,1,1,1,0,2,1,1,1,1,0,1,0,1,1,1,1,0,1,1,1,1,0,2,1,1,1,1,1,2,1,0,0,1,1,1,2,1,1,0,0,1,0,1,0,1,1,1,1,1,1,1,1,1,1,1,1,1,1
11,4,4,5,3,0,3,0,0,0,2,0,2,0,4,3,1,0,1,0,1,1,1,1,0,1,1,1,1,0,0,1,0,1,0,1,0,1,1,1,1,0,1,1,1,2,0,1,1,1,1,1,1,1,1,1,0,1,1,1,0,1,1,1,2,0,0,1,1,1,1,1,0,0,1,1,1,1,1,1,0,1,1,0,2,1,1,1,1,1,1,1,1,1,1,1,0,1,0,1,1,2,1,0,1,0,1,2,1,0,1,1,1,1,1,0,2,1,1,0,1,0,1,1,0,0,1,1,1,1,1,0,1,1,1,1,1,2,1,1,1,0,1,1,0,1,0,1,1,1,0,1,1,2,1,1,1,1,0,1,1,0,1,1,1,1,1,1,1,2,1,1,1,1,1,1,1,1,1,0,1,0,1,1,1,1,1,1,1,1,1,1,1,1,1,1,1,1,1,1,1,1,1,1,1,1,1,1,1,1,1,1,1,1,1,0,1,1,1,1,2,2,1,1,1,1,1,1,1,1,1,1,1,1,1,1,1,1,1,1,1,1,1,1,1,0,1,1,1,1,0,0,1,1,0,1,1,1,1,1,0,1,1,1,0,1,1,0,1,1,1,1,1,1,1,1,1,1,1,0,1,1,1,2,1,1,1,1,1,1,1,1,1,1,1,1,1,0,1,0,0,1,1,1,1,1,1,1,1,1,1,1,0,1,1,2,1,1,1,1,1,1,1,1,0,1,1,1,1,1,1,1,1,1,1,1,1,1,1,1,1,1,1,0,1,1,1,1,1,1,1,1,1,0,2,0,1,1,1,1,1,1,1,1,1,0,1,1,1,1,1,1,1,0,1,1,1,1,1,0,1,1,1,1,1,1,1,1,1,0,1,1,1,1,0,1,0,0,1,1,1,1,1,0,1,1,1,0,1,1,0,1,1,1,1,1,1,1,0,1,0,2,1,1,1,1,0,1,1,1,1,1,1,1,1,1,1,1,1,0,1,1,1,1,2,1,0,0,1,1,1,0,1,0,1,1,0,1,1,1,0,1,1,1,1,1,1,2,1,1,1,1,0,1,1,0,1,1,1,1,0,2,1,1,1,1,1,1,1,1,1,0,1,1,1,1,1,1,0,1,1,0,1,1,1,1,1,1,1,1,1,1,1,1,1,0,1,1,1,1,1,1,1,1,1,0,1,1,1,1,0,1,0,1,1,1,1,1,1,0,1,2,1,0,1,1,1,1,1,1,1,1,1,1,1,0,2,1,1,0,1,1,1,1,1,1,1,1,1,1,1,1,1,1,1,1,1,1,2,0,1,1,1,0,1,1,1,1,1,0,0,0,1,1,1,1,0,1,0,1,1,1,1,1,1,1,1,1,1,0,1,1,1,1,0,1,1,1,1,1,1,2,1,1,1,1,1,2,1,1,1,1,0,1,1,1,1,0,1,0,1,1,0,1,1,2,1,1,0,1,0,1,1,1,0,1,1,1,2,1,1,1,1,0,0,1,1,0,1,1,1,1,1,1,2,2,1,0,1,1,1,0,1,1,1,1,1,1,1,1,1,1,0,1,1,2,1,1,1,1,0,1,0,1,1,1,0,1,1,0,1,1,1,1,1,0,0,1,1,1,1,1,2,1,1,1,2,1,1,0,1,1,1,1,1,0,1,1,1,1,2,1,1,1,0,1,0,1,2,1,1,1,0,1,1,1,1,1,1,1,1,1,0,1,1,1,1,1,1,0,1,1,1,1,1,1,0,1,1,1,1,1,0,0,1,1,1,1,1,0,1,1,1,1,1,1,1,0,1,1,0,1,1,1,1,1,1,1,1,1,1,1,1,1,1,1,1,0,0,1,1,0,1,1,1,1,1,1,1,1,1,1,1,1,1,0,1,2,1,1,1,2,1,1,1,1,0,1,1,1,1,0,1,1,1,1,1,1,1,1,1,1,1,1,1,1,1,0,1,0,0,1,1,1,1,1,0,1,1,1,1,1,1,1,1,1,0,1,1,1,0,2,1,1,1,1,1,1,1,1,1,1,1,1,1,1,1,1,0,1,1,1,1,1,1,1,1,1,0,0,1,1,1,1,1,1,1,1,0,2,1,1,1,1,0,1,1,1,1,1,1,0,1,0,0,1,1,1,1,1,0,1,1,1,0,0,1,1,2,1,0,1,1,1,0,1,1,1,1,1,1,1,1,1,0,1,1,1,0,1,1,0,1,1,0,1,1,1,0,2,1,1,1,1,1,1,0,1,1,1,1,1,1,1,0,0,1,1,1,1,1,1,0,2,1,1,0,0,1,1,1,1,1,2
12,2,1,1,1,1,1,1,1,0,0,1,1,1,1,1,1,1,1,0,1,1,1,0,1,0,1,1,0,1,1,0,1,1,1,1,1,1,0,0,1,1,1,0,1,1,2,1,1,1,1,1,1,1,2,0,1,1,1,1,1,0,1,1,1,1,1,1,1,1,1,1,0,1,1,1,1,1,1,1,1,1,1,0,1,0,1,1,0,1,1,0,0,1,0,1,1,1,2,1,1,1,1,0,1,1,1,1,1,1,1,1,1,0,2,1,1,1,1,1,1,1,1,1,1,1,1,1,0,0,0,0,1,1,1,0,1,1,1,1,0,1,1,1,0,1,1,0,2,1,1,1,1,1,1,1,0,1,0,0,1,1,0,0,1,1,1,1,1,1,1,0,1,1,1,1,1,1,1,1,1,1,1,1,1,1,1,0,1,0,1,1,1,1,0,1,0,0,1,1,2,1,1,0,1,1,1,0,0,0,1,1,1,1,1,0,1,1,1,1,1,0,1,0,1,0,1,1,0,1,0,1,1,1,1,1,0,1,1,0,1,1,1,1,1,1,0,0,0,1,0,1,1,1,1,1,1,1,1,1,1,1,1,1,2,1,1,1,1,1,1,1,1,1,1,2,1,1,1,1,1,1,1,0,0,0,2,0,1,1,0,1,1,1,1,1,1,1,1,1,1,1,1,1,1,0,0,0,1,0,1,1,2,0,1,1,1,0,1,1,1,1,1,1,1,0,1,1,1,1,0,0,1,0,1,0,1,0,1,0,0,1,0,0,1,2,1,2,1,1,1,1,1,1,1,1,1,1,0,1,1,1,1,1,1,1,1,0,0,1,1,1,1,1,0,0,1,1,2,0,1,1,0,1,1,1,1,1,1,1,1,1,0,1,1,1,1,0,1,1,1,1,1,0,1,0,0,1,1,1,1,0,0,1,1,1,1,1,1,0,0,0,0,1,0,1,0,1,1,1,1,0,1,0,1,1,1,0,1,1,1,1,0,1,1,1,1,0,1,0,1,1,1,1,1,1,1,1,0,1,1,0,0,0,2,1,1,0,1,1,0,1,1,0,2,1,0,1,2,1,1,0,1,1,1,0,1,1,1,1,1,0,1,1,1,2,1,1,1,1,1,0,1,0,0,1,1,1,0,0,1,0,2,0,0,2,1,1,1,1,0,1,1,1,0,1,1,1,1,1,1,1,1,1,1,1,1,2,1,1,1,1,1,1,1,1,1,1,2,1,0,1,0,0,1,1,1,1,1,1,1,1,0,1,1,1,1,1,1,1,1,0,0,1,0,1,1,0,0,1,1,0,1,0,1,1,1,0,1,1,1,1,0,1,1,1,0,1,1,2,1,1,1,1,0,1,1,1,1,0,1,0,1,0,0,1,1,1,1,1,1,1,0,0,1,1,1,1,1,0,0,0,0,1,1,1,1,1,1,1,0,1,1,1,0,1,1,1,1,0,0,1,1,1,1,1,1,1,1,1,1,1,1,1,0,1,0,1,1,1,1,1,1,1,1,1,1,1,0,1,0,1,1,1,0,1,0,1,0,1,1,1,1,1,0,1,1,1,1,0,1,0,1,0,0,1,1,1,1,1,1,1,0,1,0,1,1,1,1,1,1,1,0,1,1,1,1,1,1,1,1,1,2,1,1,1,1,1,0,2,0,1,1,0,1,1,2,2,1,1,1,1,1,1,0,1,0,2,1,0,1,1,1,1,1,1,1,1,1,1,1,1,0,1,1,1,1,1,1,0,1,1,1,0,0,2,0,1,0,1,1,0,0,0,1,1,0,1,1,1,0,1,1,0,1,1,1,0,1,1,2,1,1,1,1,2,1,1,1,0,1,1,1,1,1,0,1,1,0,1,1,0,1,1,1,0,0,0,0,0,1,1,1,1,0,1,1,1,1,0,1,1,1,0,1,0,0,0,1,0,1,1,1,1,1,1,0,1,1,1,1,1,1,0,1,1,0,2,0,1,1,1,1,1,1,0,1,1,0,1,2,0,2,1,0,1,1,1,0,1,0,1,1,0,2,0,1,1,1,0,1,2,0,1,1,0,1,0,1,0,0,2,0,1,1,0,1,1,1,2,1,0,1,0,1,1,1,1,1,1,1,1,1,0,1,1,1,1,1,2,1,1,1,1,0,1,1,1,1,0,0,1,0,1,1,1,0,1,1,1,1,1,1,1,1,1,1,1,1,1,1,1,1,0,1,1,1,0,0,1,0,1,1,0,1,1,1,1,1,1,1,0,2,1,0,0,1,0,1,1,1,0,1,1,0,1,1,1,1,1,1,1,1,2
13,0,2,0,0,1,1,0,1,0,1,1,0,0,1,1,1,1,1,1,1,1,0,1,1,1,1,0,0,0,1,1,1,1,1,0,0,1,0,0,1,2,0,1,1,1,1,1,1,1,1,0,2,0,1,1,1,2,0,1,1,1,1,1,1,1,0,1,1,1,0,1,0,1,1,1,0,1,1,1,0,1,1,1,0,0,2,1,0,0,0,1,1,0,1,1,0,1,0,1,1,1,1,1,0,0,1,1,0,1,1,1,0,0,0,1,0,0,1,0,1,1,0,0,0,1,1,0,0,0,0,0,2,0,1,0,2,1,1,1,1,1,1,1,1,1,1,1,1,1,0,1,1,0,2,2,1,1,1,1,1,0,1,1,1,1,1,1,0,1,1,2,1,0,1,0,0,1,1,1,1,1,1,0,1,1,0,2,1,1,1,0,1,1,2,0,1,1,1,0,1,1,1,0,1,1,1,1,0,2,1,1,1,1,1,1,1,0,1,0,0,1,0,1,1,1,1,0,0,1,1,0,1,1,0,0,1,1,0,1,1,1,1,1,1,1,1,1,1,1,0,1,0,1,1,1,2,1,0,0,1,1,1,1,2,1,0,0,0,1,1,1,0,1,1,0,1,1,1,0,1,0,1,1,1,1,0,1,1,1,1,1,1,0,1,1,1,1,1,0,1,1,1,1,1,0,1,0,1,0,1,1,1,1,1,0,0,1,1,1,1,1,1,1,1,1,1,1,1,1,1,1,0,1,1,0,1,1,2,0,1,0,1,1,1,0,1,1,1,1,1,0,1,2,1,1,0,1,0,1,1,1,0,1,2,1,1,1,0,1,1,1,1,1,0,1,1,1,1,1,1,1,1,1,1,1,0,1,1,1,0,1,1,0,0,1,1,1,1,0,1,1,1,1,1,1,1,1,0,0,1,0,1,1,1,1,2,1,1,1,0,1,1,1,0,1,1,1,1,1,1,1,1,1,1,2,2,1,1,1,0,1,0,0,1,1,2,1,1,1,1,0,0,1,0,1,1,1,1,0,1,1,0,0,1,1,1,0,1,1,1,2,0,0,0,1,1,0,0,0,1,1,0,1,1,1,1,0,1,1,1,1,1,0,1,1,2,1,1,1,1,1,1,2,0,0,1,1,1,1,0,0,1,0,1,1,2,1,0,1,1,1,1,1,0,1,0,1,0,1,1,2,0,1,1,0,1,0,1,1,2,1,1,1,0,1,0,1,1,0,1,1,1,1,0,1,1,0,0,0,0,1,1,1,2,1,1,1,1,0,0,0,0,1,1,1,0,0,0,0,1,1,1,1,1,1,0,0,1,1,2,1,0,0,1,1,0,1,1,0,1,1,2,0,1,0,1,0,2,1,1,0,1,0,2,0,0,1,0,1,1,1,1,1,1,0,2,2,1,0,1,1,1,2,1,1,1,1,1,1,0,1,1,0,1,1,1,1,1,0,1,0,1,1,1,1,1,0,1,0,0,0,1,1,1,1,0,1,1,0,1,1,1,1,1,0,1,1,1,0,1,1,1,1,0,1,0,0,2,1,1,1,1,0,0,1,0,1,1,1,1,1,1,1,1,1,1,1,1,1,1,1,1,1,1,1,1,0,0,0,1,1,1,0,1,0,0,0,1,1,1,0,1,1,1,0,1,2,1,1,1,1,1,1,1,0,0,0,1,1,1,1,1,0,1,0,1,1,1,0,1,1,1,1,1,1,1,1,0,0,0,1,0,0,1,0,1,1,1,0,1,1,1,1,0,1,1,1,1,1,0,1,0,0,0,1,1,0,1,1,1,1,1,1,1,2,1,1,1,1,1,1,1,1,0,1,0,0,1,1,1,1,1,1,1,1,1,1,1,0,0,1,1,1,1,1,1,0,1,2,1,1,0,1,1,2,0,0,1,1,1,0,0,1,1,0,0,1,1,1,1,1,1,1,1,0,0,0,1,1,1,2,0,1,1,0,2,1,1,1,1,1,2,0,0,1,1,1,1,1,1,1,1,1,1,0,0,1,1,1,1,1,1,0,1,1,0,1,1,1,1,0,1,1,1,1,1,1,1,1,1,0,1,1,1,1,0,1,1,1,0,1,0,1,1,1,0,1,0,1,1,0,1,1,1,1,1,1,0,1,1,1,0,1,1,1,0,0,0,1,1,1,0,1,1,1,1,1,1,1,2,1,1,1,1,1,0,0,0,1,0,0,1,0,1,1,1,1,1,0,0,1,1,1,1,1,1,1,1,1,1,1,1,2,1,1,1,1,0,1,1,1,1,1,1,1,1,1,1,1,1,0,1,1
14,3,2,2,1,1,1,1,1,0,0,1,1,0,1,1,0,1,0,1,1,1,0,0,0,1,1,1,1,1,1,1,0,2,0,1,1,0,1,0,1,1,1,1,1,1,1,1,1,0,1,1,1,1,1,0,0,1,1,1,1,1,0,1,1,1,1,0,1,1,1,1,1,1,0,0,1,1,1,1,1,1,1,1,1,1,2,1,1,0,1,0,1,1,1,1,1,1,1,0,1,1,1,1,1,0,1,1,1,1,0,1,0,1,0,0,0,1,0,1,1,0,1,1,1,1,0,0,1,1,1,1,0,0,1,1,1,0,1,1,0,1,1,1,0,1,1,1,1,1,1,2,0,1,1,1,1,0,1,1,1,1,1,1,1,1,1,1,1,0,1,1,1,0,1,2,0,1,1,1,1,0,2,1,1,2,1,1,0,1,1,1,1,0,1,1,0,1,1,1,0,0,1,1,1,0,1,0,1,1,1,1,1,2,1,1,1,0,1,0,0,1,1,0,1,1,1,2,1,2,1,1,0,1,1,1,1,1,1,0,1,0,0,1,1,1,1,1,1,1,1,1,1,0,1,1,1,1,1,0,0,1,1,1,0,1,1,1,1,1,1,1,1,1,1,0,1,1,1,0,1,0,1,0,1,1,2,1,1,1,1,1,0,1,0,0,1,1,0,2,1,1,0,2,1,0,0,0,1,0,1,1,1,0,0,1,0,1,1,1,1,1,0,0,1,1,1,2,1,1,0,1,1,0,1,1,2,1,0,0,2,2,1,2,1,1,1,0,1,1,0,1,0,1,1,1,0,0,0,1,1,1,1,1,2,0,1,1,1,1,1,1,1,1,0,1,0,0,0,1,0,1,1,1,0,1,0,1,0,1,0,0,1,0,1,1,1,1,1,0,1,1,1,1,1,0,1,0,0,1,0,0,1,1,1,0,0,0,1,1,1,1,1,1,1,0,0,0,1,1,0,1,1,1,1,1,1,1,1,0,0,0,1,0,1,0,1,2,0,1,1,0,1,1,1,1,1,1,2,0,0,1,1,1,1,1,1,2,1,0,1,1,1,0,1,1,1,1,1,2,2,0,0,1,1,1,1,1,1,1,2,1,1,0,0,1,1,1,0,1,0,1,1,1,1,1,2,1,1,1,0,1,1,1,0,1,1,1,1,1,1,1,1,1,0,0,0,1,0,1,0,0,1,1,0,1,0,0,1,0,1,0,1,0,1,1,1,1,1,1,1,1,0,2,1,0,1,1,1,1,1,1,2,1,1,1,1,1,1,0,1,1,0,1,1,1,1,0,2,1,1,1,1,0,1,1,1,0,0,1,0,1,1,1,1,0,1,1,1,1,1,1,0,2,1,0,1,0,0,1,1,1,1,1,0,1,1,0,1,1,0,1,1,1,1,1,1,0,1,0,1,1,1,2,2,1,2,0,0,0,1,1,0,1,0,1,1,0,1,0,1,1,1,1,1,1,1,0,1,1,1,0,1,0,1,0,0,1,1,1,1,1,0,1,1,1,1,1,0,1,1,1,1,0,1,1,1,0,1,0,1,0,1,0,0,0,2,2,1,1,0,0,1,1,1,1,1,1,1,1,0,1,1,1,1,1,1,1,1,0,2,1,0,1,1,2,1,1,1,1,1,1,2,1,1,2,1,1,1,1,1,1,0,1,1,1,1,0,1,1,1,1,1,0,0,1,1,0,1,0,1,1,1,1,1,1,2,2,0,1,0,0,1,1,1,1,1,0,1,1,1,1,0,1,1,1,0,0,1,1,1,1,1,1,1,0,1,2,2,1,1,0,0,0,1,1,0,1,0,1,0,1,1,1,2,1,0,1,1,1,1,1,1,0,1,1,1,1,1,1,1,2,1,1,1,0,1,1,1,1,1,1,0,0,1,1,2,1,2,2,1,1,1,1,1,1,1,0,1,1,1,1,1,0,1,2,1,0,1,0,1,1,1,1,0,1,1,0,1,1,2,1,1,0,0,1,0,1,1,0,0,1,1,0,0,1,1,1,1,1,0,0,1,1,1,1,1,0,1,1,1,0,1,1,1,1,1,1,0,1,0,1,1,0,1,1,1,1,1,0,1,0,1,0,0,0,0,1,1,1,0,1,1,0,0,1,1,1,1,1,1,0,1,1,1,0,1,1,1,1,1,1,0,1,1,0,1,1,1,1,0,0,1,1,1,1,0,0,0,1,1,1,0,1,1,1,0,0,1,0,1,1,0,1,1,0,1,2,1,0,0,1,1,1,1,1,0,2,0,1,0,1,1,0,1,0,0,1,1,1,1,0,1,1
15,7,2,1,8,7,7,5,8,3,6,4,5,0,4,4,4,5,9,9,2,0,0,2,5,1,0,4,5,2,1,6,7,3,1,2,1,7,3,4,5,1,3,6,3,6,6,4,5,0,0,2,4,2,2,4,1,2,2,3,2,5,3,4,1,5,4,3,4,2,0,0,3,2,4,4,2,4,2,0,1,1,4,1,4,0,4,2,0,2,3,0,4,3,2,1,3,1,3,4,1,1,1,2,1,1,1,1,1,1,1,1,0,1,1,1,1,0,1,1,1,1,0,1,1,0,1,1,0,1,1,2,1,1,1,1,0,0,1,1,2,1,1,1,1,1,1,1,1,1,1,1,1,1,1,1,0,1,1,1,0,0,1,1,1,1,2,1,1,1,1,0,1,1,1,0,1,2,1,1,1,1,1,1,1,1,1,1,1,1,1,0,1,1,1,1,1,1,1,1,1,1,1,1,1,0,0,1,1,1,1,1,1,1,1,1,1,1,1,1,1,1,1,1,1,1,0,1,1,1,0,1,1,0,1,1,1,1,1,1,1,1,1,0,1,0,1,1,1,1,1,1,1,1,2,1,0,1,0,1,0,1,1,0,1,1,1,1,1,1,1,1,1,1,1,1,0,1,1,1,1,2,1,0,1,1,1,1,0,0,1,0,1,1,1,1,1,1,1,0,1,1,1,0,1,1,1,1,1,1,0,1,1,1,1,1,1,1,1,1,1,1,1,1,2,1,0,0,1,1,2,1,1,0,1,1,1,1,0,1,1,1,1,1,1,1,2,1,1,0,0,1,1,1,1,1,0,1,0,1,1,1,0,1,1,1,1,0,1,0,1,1,1,1,1,0,1,0,1,1,1,1,1,0,1,1,1,1,0,0,1,1,0,2,1,1,1,1,1,1,1,1,1,0,1,0,0,1,1,1,1,1,0,1,1,1,0,1,1,0,1,1,1,1,1,1,2,0,1,1,1,0,1,0,0,1,1,0,1,1,0,0,1,1,1,1,1,1,1,1,0,1,1,1,1,1,1,1,1,1,1,1,1,1,1,1,1,1,1,1,0,1,1,1,2,0,1,1,1,1,1,0,1,1,1,1,1,1,1,1,0,1,1,1,1,0,1,1,1,1,2,0,1,1,1,1,1,1,1,1,0,1,1,0,0,1,1,1,1,1,0,1,1,1,1,1,1,1,1,1,0,1,1,0,1,1,1,1,1,0,1,2,1,1,2,1,1,0,1,0,1,1,1,1,1,0,0,1,1,1,1,1,1,1,1,0,1,1,1,1,1,0,0,1,1,1,1,0,1,0,1,1,1,1,0,0,1,1,1,1,1,1,0,1,1,1,1,1,1,0,1,1,1,2,1,1,0,1,0,2,1,1,1,1,1,1,1,1,1,1,1,0,1,1,2,0,0,0,0,1,0,1,1,1,1,1,0,2,1,1,1,1,1,1,1,0,0,2,1,1,1,1,1,1,1,1,1,1,1,1,1,1,1,1,1,1,1,1,1,0,0,1,1,0,1,1,1,1,1,0,1,1,1,1,1,1,1,1,1,1,1,1,1,0,2,1,1,1,0,1,1,1,1,0,1,1,1,1,1,1,1,1,1,0,0,0,1,2,0,0,2,1,1,1,0,1,1,1,1,2,1,1,1,1,1,0,1,1,1,1,1,0,1,1,0,0,0,1,1,1,1,0,1,1,1,1,1,1,1,1,1,1,1,1,1,0,1,1,1,1,1,1,1,1,1,1,0,1,1,1,1,1,1,1,1,0,1,1,1,1,1,1,1,1,1,1,0,1,1,1,1,1,1,1,1,1,0,1,1,1,1,0,1,1,1,1,1,1,1,1,1,1,1,1,2,1,0,1,1,0,1,1,1,1,1,1,1,1,1,1,1,1,0,1,1,1,1,1,1,1,1,1,1,1,1,0,1,1,1,1,1,1,1,1,1,1,0,1,0,1,0,1,1,0,1,1,1,1,1,1,1,1,1,1,0,1,1,1,1,1,1,1,1,0,1,1,1,1,1,2,1,1,1,1,0,1,1,0,1,1,1,1,1,1,0,0,1,1,0,1,1,0,1,1,1,1,1,1,1,1,0,1,1,2,1,0,1,1,1,1,0,1,1,1,1,1,1,0,1,2,1,1,0,2,2,1,1,0,1,1,1,2,1,0,1,1,1,2,1,1,1,1,1,0,1,1,0,0,1,1,1,1,1,1,1,1,0,1,1,1,1,2,1,1,1,1,1,1,1,1,1,2,1,1,1,1,1,1,1,0,1,1,1,1,1,1,1,1,1,1,0,1,1,1
16,5,0,0,6,3,4,1,0,5,0,4,1,2,1,0,2,0,4,1,4,2,0,3,3,5,4,4,0,0,3,1,4,2,1,1,1,1,2,2,1,1,1,1,0,1,2,1,2,1,1,2,1,2,1,1,1,0,0,0,1,1,1,1,1,1,0,0,1,1,1,1,1,1,1,1,1,1,1,1,1,1,1,1,0,0,1,0,1,1,1,0,1,1,0,1,1,1,1,2,1,1,1,0,1,1,1,1,1,1,1,1,0,1,1,1,1,1,0,1,1,1,1,1,1,0,1,0,1,1,1,1,2,1,0,0,0,1,1,1,1,0,0,1,1,1,1,1,2,1,2,0,1,0,1,1,1,1,1,1,1,0,1,1,1,1,1,1,2,1,1,1,1,1,1,1,0,0,1,1,1,1,0,1,1,2,1,1,1,0,1,0,1,1,1,1,0,1,0,1,1,1,2,1,1,1,0,0,1,1,0,1,1,1,1,0,1,1,0,1,1,0,1,0,0,1,0,1,1,2,0,0,2,0,1,1,0,1,1,1,1,1,1,1,2,1,0,1,1,1,1,1,1,1,1,1,1,1,1,0,1,1,1,0,0,1,1,1,1,1,0,1,1,1,0,1,0,0,1,1,1,1,1,0,1,1,1,2,1,1,1,1,1,1,1,0,1,0,1,0,1,0,1,0,1,0,1,1,1,0,1,1,1,1,1,1,1,1,1,1,1,1,1,1,1,1,1,2,1,1,0,1,0,1,0,1,1,1,0,1,0,1,1,1,1,1,1,1,1,1,1,0,1,1,1,1,0,1,1,1,2,1,1,1,0,1,0,1,1,1,1,1,1,0,0,1,1,1,1,1,2,0,1,1,1,1,0,1,1,1,1,0,0,1,1,0,0,2,1,2,1,1,1,1,2,1,1,1,1,1,0,0,0,1,1,1,1,0,1,2,1,1,1,0,1,1,0,1,1,1,1,1,1,0,0,1,1,0,1,1,1,1,1,1,1,0,1,1,1,1,2,1,1,1,1,1,1,1,1,1,1,1,0,1,1,1,1,1,1,1,0,0,0,1,2,1,0,1,1,1,1,1,1,1,1,1,1,1,1,1,1,1,1,1,1,1,1,0,0,1,1,1,2,0,1,1,1,0,1,1,1,1,1,0,0,1,1,0,1,1,1,0,0,0,0,1,1,1,1,1,1,1,1,1,1,1,0,1,2,1,1,0,1,1,0,0,1,0,1,1,1,1,1,1,1,1,1,1,0,1,1,1,1,1,2,1,1,1,1,1,1,1,1,1,1,1,1,0,1,1,0,1,0,1,1,1,1,1,1,1,1,1,1,1,0,0,1,1,1,1,1,1,1,1,1,1,1,0,1,1,1,1,0,1,1,1,1,1,1,0,0,0,1,1,1,1,1,1,1,1,1,1,2,1,1,1,1,1,0,1,1,1,1,1,1,1,1,1,2,1,0,0,0,1,0,1,0,1,0,1,2,0,1,0,1,1,1,0,1,1,1,0,1,1,1,0,1,1,1,1,1,1,1,1,1,1,1,1,1,1,1,1,1,2,1,1,1,1,1,0,0,1,1,0,1,1,1,1,0,0,1,1,2,0,1,1,0,1,1,1,1,1,0,1,1,1,1,0,1,1,1,1,1,0,0,0,1,1,0,1,0,1,1,1,0,1,1,1,1,1,1,0,2,1,1,1,1,1,2,1,1,0,1,1,2,0,1,2,1,1,1,1,1,1,1,1,0,1,0,1,1,1,0,0,1,0,1,1,1,1,1,1,1,1,0,1,1,1,1,1,1,1,1,1,0,1,1,1,1,1,1,1,1,1,0,1,1,1,0,1,1,0,1,1,0,0,1,1,1,0,1,1,1,0,1,1,1,0,0,1,1,1,1,1,1,1,1,1,1,0,1,1,1,1,0,0,1,1,1,1,1,1,1,1,1,1,1,0,0,1,1,0,0,1,1,1,1,1,1,0,1,1,1,1,1,1,0,1,1,0,1,1,1,1,1,1,2,1,0,1,1,0,1,1,1,1,2,1,1,2,1,1,1,1,1,1,1,0,1,1,1,1,1,0,1,1,1,1,1,1,1,0,2,1,1,1,1,1,0,1,1,2,1,1,1,1,1,1,0,1,1,1,1,1,1,1,1,1,2,1,1,0,0,1,1,1,1,0,1,1,1,0,0,0,1,1,1,1,1,1,1,1,1,1,0,1,1,1,1,1,1,1,1,0,0,1,1,1,1,1,1,0,1,1,1,1,1,1,1,1,1,0,0,1,1,1,1,0,1,1,1,1,0,1
17,7,6,3,7,3,1,5,0,3,4,2,1,1,0,0,1,1,1,1,1,1,1,0,1,0,1,1,1,1,0,1,1,0,1,1,1,1,1,1,1,1,1,1,0,1,1,1,0,1,1,1,1,1,1,1,1,1,1,0,1,1,1,0,1,1,0,0,1,1,1,0,1,1,1,0,1,1,1,1,1,1,1,1,1,1,1,1,1,1,1,1,2,1,1,1,1,1,1,1,1,1,1,0,1,1,1,1,1,1,1,1,1,1,1,1,1,1,0,1,1,1,0,1,1,0,1,1,1,1,1,1,1,1,1,0,1,1,1,1,1,1,1,0,0,1,1,1,1,1,1,1,1,1,1,2,1,0,1,1,1,0,1,2,2,1,0,1,0,1,2,1,1,1,1,0,1,0,1,1,1,0,1,1,1,1,1,1,1,1,1,1,1,1,1,1,1,0,1,1,1,1,1,1,1,1,1,1,0,1,1,1,2,1,1,1,1,1,0,1,2,1,0,1,0,1,1,1,1,2,1,1,1,0,1,1,1,1,1,1,1,0,1,0,1,1,1,1,1,1,1,1,1,1,1,1,1,1,1,1,1,0,1,1,0,1,1,1,1,1,1,1,1,1,2,1,1,1,1,0,1,1,1,1,1,1,1,1,1,1,0,1,1,1,1,1,1,1,1,1,1,1,1,0,1,1,1,1,1,1,1,1,1,1,0,1,1,1,1,1,1,0,1,1,1,1,0,0,1,1,0,1,1,1,1,1,1,1,1,1,1,1,1,1,1,2,1,1,0,0,1,0,1,0,0,1,1,1,2,1,1,1,1,1,1,1,0,1,1,0,1,1,1,1,1,1,1,1,1,1,1,1,1,1,1,1,1,0,0,0,1,1,0,1,1,0,1,1,0,1,1,0,1,1,1,1,1,1,0,1,1,2,1,1,0,1,1,1,1,1,2,1,1,1,1,1,1,1,1,1,1,2,1,1,0,1,1,1,1,1,1,1,1,0,1,1,1,1,1,1,0,1,0,1,0,1,1,1,0,1,1,1,1,1,1,1,1,0,1,1,1,1,0,1,1,1,1,1,0,1,0,1,1,0,1,2,1,2,1,1,1,1,1,1,1,1,1,1,0,0,0,1,1,1,1,1,1,1,1,1,0,1,1,1,1,1,1,1,0,1,1,0,1,1,0,1,1,1,1,1,0,1,1,1,1,1,0,1,1,0,1,1,1,0,1,0,0,1,1,0,1,1,1,1,0,1,1,1,1,1,1,1,1,1,1,1,1,1,1,1,1,1,1,1,1,1,1,1,1,1,1,1,1,1,1,1,1,1,1,1,0,1,1,1,0,2,0,1,1,1,1,1,1,1,2,1,1,1,1,1,1,1,1,1,1,1,1,0,0,1,1,1,1,1,0,0,0,0,1,1,1,1,1,0,1,1,1,1,1,1,1,0,1,0,0,1,0,1,1,1,0,1,1,1,1,1,0,1,1,1,1,1,1,1,1,0,1,1,1,0,1,1,1,1,2,1,1,1,1,1,2,1,0,1,1,0,1,0,0,1,1,1,1,1,2,1,1,1,1,0,1,1,2,1,1,0,1,0,1,1,1,1,1,1,0,1,0,1,1,1,2,1,1,1,1,1,1,1,1,1,1,1,1,1,2,0,1,1,0,1,1,0,0,1,1,1,1,0,0,1,1,1,0,1,1,0,0,1,1,1,1,1,1,1,1,1,1,1,1,0,1,1,1,1,1,1,2,1,2,1,1,0,1,1,1,1,1,1,1,0,1,1,0,1,1,1,1,1,1,1,1,1,1,1,1,1,0,1,1,0,1,1,1,1,1,1,1,1,1,1,1,1,0,1,1,2,1,1,1,1,1,1,1,1,1,1,1,1,1,1,1,1,0,1,1,1,1,0,1,1,1,1,1,1,0,0,1,1,1,1,1,1,1,1,1,1,0,1,1,1,1,1,0,1,1,1,1,1,1,0,1,0,1,1,1,1,1,1,2,1,1,1,1,1,1,1,1,1,1,1,1,1,1,2,1,0,1,1,0,1,1,1,1,1,1,1,0,2,0,1,1,1,1,1,1,1,1,1,0,1,1,1,0,1,1,1,1,1,1,2,1,1,1,1,1,1,0,1,1,1,1,1,1,0,1,1,1,1,1,1,1,1,1,1,0,0,1,1,2,1,1,1,1,1,1,1,1,1,1,1,1,1,1,0,1,1,1,1,1,1,1,0,0,1,1,1,1,1,1,0,1,1,1,1,1,1,1,1,0,1,1,1,1,2,1,1,1,1,1,1,1,0,1,1
18,1,9,7,4,9,10,1,4,7,10,3,8,6,6,7,7,9,7,0,1,7,4,2,0,4,1,3,6,2,6,4,6,2,0,7,2,1,2,5,3,4,0,5,2,3,4,0,0,7,4,0,5,3,0,7,3,4,4,2,7,6,5,5,0,2,6,0,5,6,5,1,6,5,2,3,2,2,3,1,7,4,5,1,3,4,5,5,1,1,6,1,4,4,2,0,3,5,5,0,2,0,2,1,1,1,1,1,1,1,1,1,0,1,1,1,1,1,0,1,1,0,1,1,1,1,1,1,1,1,1,1,0,1,1,1,1,1,1,1,1,1,1,1,1,1,0,0,1,1,1,1,1,1,1,1,0,1,1,1,1,1,1,1,1,1,1,1,1,1,1,1,1,1,1,1,1,1,1,1,1,2,1,1,1,1,1,1,1,1,1,1,1,1,0,1,1,1,0,1,1,1,1,1,1,0,1,1,1,1,1,1,1,0,1,1,1,1,1,1,1,1,1,1,1,1,1,1,1,2,1,1,1,1,0,1,1,0,1,1,1,1,0,1,0,1,1,1,1,1,1,0,1,1,1,1,1,1,1,0,0,1,1,1,1,0,1,1,1,1,1,1,1,1,1,1,1,1,1,1,1,1,1,1,1,0,1,1,1,1,1,1,1,1,1,2,0,0,0,1,1,0,1,1,1,2,1,1,1,1,1,1,1,1,1,1,1,1,1,1,1,1,1,1,1,1,1,0,1,1,1,1,1,1,0,1,0,1,1,1,2,1,1,1,1,1,1,1,0,1,0,1,1,1,1,1,1,1,1,1,1,1,1,1,0,1,1,1,1,1,0,1,1,0,1,1,2,1,1,1,1,1,1,1,1,1,1,1,1,1,1,1,1,1,1,1,1,1,1,1,1,1,1,1,1,1,1,1,1,1,0,1,1,1,1,1,1,1,1,1,1,1,1,1,1,1,1,1,1,1,1,1,1,0,0,1,1,1,1,1,1,1,1,1,1,1,1,1,1,1,0,1,1,1,1,1,1,1,1,1,1,1,1,1,1,1,1,0,1,1,1,1,1,1,1,1,1,1,1,0,1,1,0,1,1,1,2,1,1,2,1,1,1,1,0,1,1,1,1,0,1,1,0,0,1,1,1,1,1,1,1,0,1,0,1,1,1,1,1,1,1,1,1,1,1,1,1,1,1,1,1,1,1,1,1,1,1,1,1,1,2,1,1,1,1,1,1,1,1,1,1,1,1,1,1,1,0,1,1,1,1,1,1,1,1,1,1,1,1,1,1,1,1,1,1,1,1,1,0,1,1,1,0,0,0,1,1,1,1,1,1,1,0,1,1,0,1,1,1,1,1,1,1,1,1,1,1,1,1,1,1,0,1,1,0,1,1,1,1,1,1,1,1,1,1,1,1,1,1,1,1,1,1,1,1,1,1,1,1,1,1,1,0,1,1,1,1,1,1,1,1,1,1,1,1,1,1,1,1,0,1,1,1,0,1,1,1,0,1,2,2,0,1,1,1,0,1,1,1,1,0,1,1,1,1,1,1,1,1,1,1,1,1,1,1,0,1,1,1,1,1,1,1,1,1,1,1,1,1,1,1,1,1,0,0,1,0,1,2,2,1,1,0,1,1,1,1,0,1,1,1,1,1,1,1,1,1,1,1,1,0,1,1,1,0,0,1,1,1,1,2,1,0,1,1,1,1,1,0,1,1,1,1,1,1,1,1,1,1,1,1,1,1,1,0,1,1,0,1,1,1,1,1,1,0,1,1,1,1,1,1,0,0,1,1,1,2,0,1,1,1,1,1,2,1,1,1,1,1,1,1,1,1,0,1,1,1,1,1,1,1,1,1,0,1,0,1,1,1,1,1,1,1,1,1,1,1,1,2,1,1,1,1,0,1,1,1,1,1,1,1,1,1,0,1,1,1,1,1,1,1,0,1,1,1,1,1,1,1,1,1,1,1,1,0,1,1,1,1,1,1,1,1,1,1,1,1,1,1,0,1,1,1,1,1,1,1,1,1,1,1,1,1,1,1,1,1,1,1,1,1,1,1,1,1,1,1,0,1,1,1,1,1,1,0,1,0,1,1,1,1,0,1,1,1,1,1,0,1,1,1,1,1,1,1,1,1,1,1,0,1,1,0,1,1,1,1,1,1,1,1,1,0,1,1,1,1,0,1,1,1,1,1,1,1,1,1,1,1,0,1,1,1,1,1,1,1,0,1,1,1,1,1,1,1,1,1,0,0,1,1,1,1,1,1,1,0,0,1,1,1,1,1,1,0,1,1,0,1,1,1,1,1,1
19,8,5,6,0,5,0,3,4,2,5,3,4,4,0,2,2,2,1,2,4,4,0,2,2,0,1,5,3,0,1,4,3,5,4,1,3,4,3,0,0,0,4,2,2,3,1,0,2,2,3,2,3,1,0,4,5,0,0,1,1,1,0,0,1,0,1,0,1,1,1,0,1,1,1,1,0,1,1,1,1,1,0,1,1,1,0,1,2,1,1,1,1,1,1,1,1,1,1,0,1,1,1,1,1,1,0,1,1,1,1,0,1,0,0,1,1,1,1,1,1,1,1,1,2,0,1,0,1,1,1,1,0,1,1,0,1,1,1,1,1,1,1,1,0,1,1,1,1,1,1,1,1,1,1,0,1,1,1,1,1,1,1,1,0,1,1,0,1,1,1,0,0,1,1,0,1,1,1,0,1,1,0,1,1,2,1,1,1,1,1,1,1,0,1,1,1,1,1,1,0,1,1,1,1,1,1,1,1,0,1,0,1,1,1,0,1,1,1,1,1,1,1,1,1,1,1,1,1,1,1,1,1,0,1,1,1,1,1,1,1,1,0,0,1,0,1,1,1,1,1,1,1,1,1,1,0,1,1,0,1,1,1,1,1,1,1,1,0,1,1,1,1,1,1,1,1,1,1,0,1,1,1,1,1,0,1,1,1,0,0,2,1,1,1,2,1,0,1,1,1,0,1,1,1,0,1,0,1,1,1,1,1,0,1,1,1,0,0,1,0,1,1,1,1,1,1,1,2,1,1,1,1,1,1,0,1,1,1,1,1,1,1,1,1,0,1,0,0,1,0,1,1,0,1,0,1,1,0,0,1,1,0,0,1,1,1,1,1,1,1,1,1,1,1,1,1,1,1,1,0,0,1,1,1,1,1,0,1,1,1,2,1,1,0,1,0,1,1,1,1,1,1,1,2,0,0,0,1,1,1,1,2,0,1,1,0,0,1,1,1,1,1,1,0,1,2,1,0,1,1,0,1,1,1,1,0,0,1,1,1,1,1,1,1,1,1,1,0,0,1,1,0,1,1,1,1,1,1,1,1,1,1,1,1,1,0,1,1,1,0,1,1,1,0,1,1,1,1,1,1,1,1,1,0,0,0,1,1,1,1,1,0,2,1,0,1,1,1,1,1,1,1,1,1,1,1,1,0,1,1,1,1,1,1,1,0,0,1,1,1,1,0,1,1,1,1,0,1,2,0,1,1,1,1,1,1,0,1,1,1,1,1,1,1,1,1,0,1,1,0,1,1,1,1,0,1,0,1,1,1,1,1,1,1,1,1,0,1,2,1,1,1,1,1,1,1,1,1,2,1,2,1,1,1,1,1,1,1,0,0,1,0,1,0,1,1,1,1,2,1,0,0,0,0,1,1,2,0,1,1,1,1,1,1,1,1,1,1,1,1,1,1,1,1,1,1,1,1,2,1,0,1,0,1,0,0,1,1,1,1,1,1,1,1,0,1,1,1,1,1,1,1,1,1,1,1,1,1,1,1,1,1,0,1,1,1,1,1,1,1,1,1,2,1,1,1,0,1,0,1,1,1,1,1,0,1,0,1,1,1,1,1,0,1,1,1,1,1,1,1,1,2,1,0,1,1,1,1,2,0,1,1,1,1,1,0,0,1,1,1,1,1,1,0,0,1,1,0,1,1,0,1,1,1,1,1,1,1,1,0,1,1,1,1,1,0,1,0,1,1,1,1,1,1,1,1,1,0,1,0,1,1,1,1,1,1,0,1,1,1,2,1,1,0,1,2,1,1,1,0,1,1,1,1,1,1,1,1,1,1,1,1,1,0,1,1,1,1,0,0,0,1,1,1,1,2,1,1,1,1,1,1,1,1,1,1,2,2,1,1,1,1,1,1,1,1,1,0,1,1,1,1,0,1,1,1,1,1,1,1,0,0,1,1,0,2,1,1,1,0,1,1,1,1,0,1,1,1,1,1,1,1,1,1,1,0,1,1,1,1,0,0,1,1,1,1,1,1,1,1,1,1,1,1,1,0,1,1,1,1,1,1,1,1,1,1,1,1,1,1,0,1,1,1,1,1,1,1,0,1,1,0,1,1,1,1,0,1,0,0,1,1,0,1,1,1,1,1,1,1,1,1,1,0,1,0,1,1,1,0,1,0,0,1,0,1,1,1,0,1,1,1,1,2,0,1,1,0,1,1,1,1,1,1,0,1,1,1,1,1,1,1,1,1,1,2,0,0,1,0,1,1,1,1,0,1,0,1,1,1,1,1,1,0,1,2,1,0,1,1,1,1,1,0,1,1,1,1,1,0,1,1,1,1,0,1,1,0,1,0,1,0,1
20,6,3,3,0,2,1,0,0,1,3,2,4,1,1,1,0,1,1,1,1,0,1,0,1,1,0,1,1,1,0,1,1,1,1,2,1,0,1,1,0,1,1,1,1,1,1,0,1,1,1,1,1,1,1,1,1,1,1,0,1,1,1,1,0,1,1,1,0,1,1,1,2,1,1,1,1,1,1,0,1,1,1,0,1,1,1,1,1,1,1,1,1,1,0,0,1,1,1,1,0,1,1,1,0,1,1,1,1,1,0,1,2,0,1,1,1,1,1,0,0,1,0,1,1,1,0,1,1,1,0,2,1,1,1,1,0,1,1,1,1,1,1,0,1,1,1,1,1,0,0,1,1,0,1,1,1,1,1,1,1,1,1,1,1,1,1,1,1,1,1,0,1,0,2,1,1,1,1,1,0,1,1,1,1,1,1,0,0,1,1,1,0,1,1,1,1,1,1,1,0,1,1,1,0,1,0,1,1,1,1,1,1,0,0,1,1,1,1,1,1,1,2,1,0,1,1,1,1,1,1,1,1,1,1,1,1,1,0,0,1,1,1,1,1,1,1,1,1,1,1,1,1,0,1,1,1,1,0,2,1,1,1,0,0,1,0,0,1,0,1,1,2,1,1,0,1,1,1,1,0,1,1,1,0,1,1,1,1,1,1,1,0,1,0,1,0,1,1,1,1,0,0,1,1,1,0,1,0,1,1,1,0,1,1,1,1,0,1,1,1,0,1,1,1,0,0,1,1,1,0,1,1,0,1,1,1,1,1,1,1,1,1,1,1,1,0,0,1,0,1,1,1,1,0,1,1,1,1,1,1,0,1,1,1,1,1,1,0,1,1,1,0,1,1,0,1,1,1,0,1,1,1,1,1,1,1,1,1,1,2,1,1,1,0,1,1,1,1,0,0,0,0,1,1,0,2,1,1,1,2,0,1,1,1,1,1,1,1,1,1,1,1,1,1,0,1,1,1,1,1,1,0,1,1,1,0,1,1,0,1,1,1,1,0,0,1,1,0,0,1,1,1,1,0,1,1,1,1,1,1,1,1,1,1,1,0,1,1,0,1,0,0,1,1,1,1,1,1,1,2,1,0,1,2,0,1,0,1,1,1,2,2,1,1,1,0,1,1,1,1,1,0,1,1,0,1,1,1,0,1,1,1,1,1,1,1,0,1,1,1,1,0,1,1,0,1,0,0,1,1,0,0,1,1,1,0,1,1,1,0,0,1,0,1,1,1,1,1,1,1,0,1,1,1,1,1,1,1,1,1,1,1,1,2,1,1,1,1,1,1,1,0,0,1,1,0,1,0,1,1,1,0,0,1,0,1,1,1,1,1,0,0,0,1,1,1,1,1,1,1,2,0,1,0,0,1,0,1,0,2,1,1,0,1,1,1,1,1,2,1,1,1,1,1,1,1,1,1,1,0,1,1,1,0,1,0,1,1,1,1,0,1,1,2,1,1,0,1,1,1,0,1,1,1,1,1,0,1,1,0,0,1,1,0,1,1,1,1,0,1,0,1,1,1,1,1,1,0,1,1,1,1,1,1,1,0,1,1,1,0,1,1,1,0,0,1,0,1,1,0,1,1,1,1,1,0,1,0,1,1,1,1,0,0,1,1,1,1,1,1,1,1,0,0,1,0,0,1,1,1,1,1,1,1,2,1,1,1,1,1,0,1,0,0,1,0,1,1,1,1,1,1,1,1,1,1,0,1,1,1,0,1,1,1,1,1,1,2,0,1,1,1,0,1,1,1,1,1,1,1,1,1,1,0,1,1,1,0,1,1,1,1,0,1,1,1,1,1,1,1,1,1,1,0,1,0,1,1,1,0,1,0,1,1,0,1,1,1,0,1,1,1,1,1,1,1,1,1,1,1,1,1,1,1,1,1,0,1,1,1,1,1,1,1,0,1,1,1,1,1,1,1,1,0,0,0,1,1,1,1,1,1,1,1,1,1,1,1,1,0,0,1,1,1,1,1,0,1,1,1,1,1,1,1,0,1,1,1,1,1,1,1,1,1,1,1,0,1,2,1,1,1,1,2,1,1,1,1,1,0,1,1,1,1,1,1,1,1,1,1,1,1,1,1,1,1,2,1,1,1,1,1,1,1,1,0,1,1,1,1,1,0,1,1,1,1,1,1,1,1,1,0,1,0,0,1,2,1,1,0,1,1,0,1,1,1,1,1,2,1,1,0,1,1,0,1,2,1,0,1,1,1,1,1,1,1,0,1,1,1,1,0,1,1,1,1,1,2,0,1,1,0,1,1,1,0,1,0,1,1,1,1,1,0,1,1,1,1,1,1,1,1,1
21,9,8,1,6,8,4,7,2,2,9,6,6,7,7,7,7,6,7,2,8,6,4,4,5,7,5,6,5,6,6,3,0,6,6,2,5,1,8,6,4,2,4,7,1,1,1,0,1,1,1,1,1,1,1,0,1,1,1,1,0,1,1,1,1,1,1,1,0,1,0,1,1,1,1,1,0,0,1,1,1,1,1,1,1,1,1,1,1,0,1,1,1,0,0,1,1,1,1,2,1,1,1,2,0,1,1,1,0,0,1,0,1,1,1,1,1,1,1,1,1,0,1,1,0,1,1,0,1,1,1,1,0,0,1,1,1,1,1,1,1,1,1,1,1,0,1,1,1,0,1,1,0,1,1,1,1,1,0,1,1,1,1,1,1,1,1,0,1,1,1,1,0,1,1,1,1,1,1,1,1,0,1,1,1,1,1,2,1,1,1,1,1,1,1,1,1,1,1,1,1,1,1,1,1,2,1,1,0,0,1,1,1,1,2,1,1,1,1,1,1,1,1,1,1,2,1,1,1,1,0,1,1,1,1,0,1,2,1,1,1,0,1,1,1,1,1,1,1,1,1,1,1,0,1,1,1,1,1,1,1,1,1,1,1,1,1,1,0,1,1,1,1,0,1,1,1,1,2,0,1,0,0,1,1,1,1,1,1,0,1,1,1,1,1,1,1,1,1,1,0,1,1,2,1,1,1,1,1,1,2,1,1,1,1,1,1,1,1,1,1,1,1,1,1,1,1,1,1,1,1,1,1,1,1,1,1,1,1,1,1,1,1,0,1,1,1,0,1,0,1,1,1,1,1,1,1,0,1,1,1,1,1,1,1,0,1,1,1,1,0,1,1,1,0,1,1,1,1,1,1,1,1,1,1,1,1,1,1,1,0,1,1,1,1,1,1,0,1,0,0,1,1,1,1,1,0,0,1,1,1,1,1,0,1,1,1,0,1,1,1,0,1,1,1,1,1,1,0,1,1,1,1,2,1,1,0,1,1,1,1,1,1,1,0,1,1,1,1,0,1,1,0,1,1,1,1,1,2,1,1,0,1,1,1,0,1,0,1,0,1,1,1,1,0,1,0,1,1,1,1,1,0,0,1,1,1,1,1,0,0,1,1,1,1,1,1,1,0,0,1,1,1,1,1,1,1,1,2,0,1,0,1,0,1,1,1,1,0,1,1,1,1,1,1,1,1,1,0,1,1,1,1,1,1,0,1,1,1,1,1,0,1,1,1,1,1,0,1,1,1,1,0,1,1,0,1,1,1,1,1,1,1,1,1,1,1,1,2,0,1,1,1,0,1,2,1,1,1,1,1,1,0,1,1,0,1,1,1,1,1,1,0,1,1,1,1,1,1,1,1,1,1,1,1,1,1,1,1,1,1,1,2,1,1,1,1,1,1,1,1,1,1,1,1,1,1,1,1,1,1,0,1,2,1,1,1,1,1,0,1,1,1,1,1,1,1,1,1,1,1,1,2,1,1,1,0,1,1,1,1,1,0,0,1,1,1,0,1,1,1,1,1,1,1,1,1,1,1,1,0,1,0,1,1,1,1,1,0,1,1,1,1,1,1,1,1,1,1,1,0,1,1,2,1,1,0,1,1,1,1,1,1,1,1,0,1,0,1,1,1,1,1,1,1,1,1,0,1,1,0,1,1,1,1,1,1,1,0,0,1,1,1,1,1,0,1,1,1,1,1,1,0,1,1,1,1,1,1,1,1,0,1,0,2,1,1,0,1,1,1,1,1,1,1,1,1,0,1,0,1,1,1,1,1,1,2,2,2,0,1,1,1,0,1,0,0,1,1,1,1,1,0,0,1,0,1,1,1,1,1,0,1,1,1,1,1,1,1,1,1,1,1,1,1,0,1,1,1,1,1,1,1,1,1,1,0,0,1,1,1,0,1,1,1,0,1,1,1,1,2,0,1,2,2,1,1,1,0,1,1,1,1,1,0,1,1,1,1,0,1,0,1,1,1,1,1,1,1,0,2,0,1,1,0,1,1,1,1,1,1,1,1,1,1,1,1,1,1,1,0,1,1,1,1,1,1,0,1,0,1,1,1,1,1,1,1,1,1,1,1,1,1,1,1,2,1,1,1,1,0,1,1,1,1,1,1,1,0,1,1,1,1,1,1,1,1,1,0,1,1,1,1,1,0,1,1,1,1,0,0,1,1,1,1,1,1,1,1,1,1,0,0,1,1,1,0,1,1,0,0,1,1,1,0,1,1,0,1,1,1,1,1,1,1,1,1,1,1,1,1,1,1,0,1,1,0,0,1,1,1,1,1,1,1,0,1,1,1,1,1,1,1,1
22,5,2,5,6,4,4,0,3,4,0,2,0,3,4,5,3,3,3,0,0,0,3,0,2,4,4,0,1,3,4,0,0,1,0,1,1,1,1,1,1,1,2,0,0,1,1,1,1,1,1,1,1,0,1,1,1,1,1,1,0,1,1,1,1,1,1,1,1,1,1,0,1,0,1,1,1,1,1,1,1,0,1,1,1,1,1,1,1,1,1,1,1,1,0,1,1,0,1,1,1,1,0,0,0,0,1,1,0,1,1,1,1,1,0,0,2,1,1,1,1,1,2,1,1,1,1,1,1,0,0,0,1,1,1,2,0,2,0,1,1,1,1,1,1,1,1,1,1,1,0,1,1,1,1,1,2,1,1,1,1,1,1,1,1,0,1,0,1,1,1,0,1,2,0,0,1,1,1,1,1,1,1,1,0,1,1,1,1,1,1,1,1,0,0,1,1,1,1,1,1,1,1,1,0,1,1,1,1,1,1,1,0,1,1,1,1,0,2,1,0,1,0,0,2,1,1,1,1,1,1,1,1,1,1,1,1,1,1,1,1,1,1,1,0,1,1,1,1,1,1,1,1,1,1,0,1,1,1,0,1,1,1,0,1,1,1,1,1,0,0,1,1,1,0,0,1,1,1,1,1,1,1,1,1,1,1,1,1,0,1,1,0,1,2,1,0,1,1,1,1,1,1,1,1,1,0,0,1,0,1,1,1,1,1,1,1,1,1,1,1,1,1,1,2,1,1,1,1,1,1,0,1,1,1,1,0,1,0,1,0,1,0,0,1,0,2,1,1,1,1,0,1,1,1,0,0,1,1,1,1,1,0,1,1,0,1,0,1,1,0,1,1,1,0,1,1,1,1,1,0,1,1,1,1,1,1,1,0,1,1,1,1,1,1,1,1,1,1,1,1,1,1,1,1,1,1,1,1,1,1,1,1,1,1,0,1,0,1,1,0,1,0,1,1,1,1,1,1,0,1,1,1,0,1,1,0,1,1,1,0,0,1,1,0,1,1,1,1,0,1,1,1,1,1,1,1,1,1,1,1,1,1,1,0,1,1,1,1,1,0,1,0,1,1,1,1,1,1,1,1,1,1,1,1,2,1,1,0,1,2,1,1,1,0,1,1,1,1,1,0,1,1,1,1,1,0,1,1,1,1,1,1,1,0,1,0,1,1,0,1,1,1,2,1,1,1,0,0,1,1,0,0,1,0,0,1,0,1,2,1,1,1,1,1,1,1,0,1,0,1,1,0,1,1,1,1,1,1,1,0,1,1,1,1,1,1,1,1,1,0,2,1,0,1,1,1,1,1,2,0,1,1,1,0,1,1,1,1,0,1,1,0,0,1,0,1,1,1,1,1,1,1,1,1,1,1,1,1,1,1,1,1,1,2,1,1,0,0,1,0,1,1,1,1,1,0,1,0,1,0,1,0,1,1,1,1,1,1,1,1,1,1,1,1,1,1,1,0,1,0,0,0,1,1,0,1,0,1,0,1,0,1,1,1,1,1,0,2,1,1,1,1,1,1,1,1,1,1,1,0,1,2,1,1,1,1,1,1,0,0,1,1,0,1,1,1,1,1,1,1,1,0,1,1,1,1,1,1,1,1,1,1,1,1,1,1,1,0,1,1,1,0,0,1,1,1,1,0,1,1,1,1,1,0,0,0,1,1,0,1,1,0,1,1,1,1,2,1,0,1,1,1,1,1,1,1,1,1,1,1,0,1,1,1,1,1,1,1,1,1,1,0,1,1,1,1,0,1,1,1,0,2,2,0,1,1,1,1,1,1,1,1,2,1,1,0,1,1,0,0,0,1,0,0,1,1,1,1,1,1,1,1,1,1,1,1,1,1,2,1,1,1,1,0,1,1,1,0,1,1,0,1,1,1,1,1,1,1,1,1,1,1,1,1,1,1,0,1,1,1,1,0,1,0,1,1,1,1,1,1,2,1,0,1,1,1,0,1,1,0,0,0,1,0,0,1,2,1,0,1,1,0,1,1,1,1,2,1,1,1,1,0,1,1,0,1,1,1,1,0,1,1,1,1,0,1,1,1,1,1,1,0,1,1,1,0,1,1,1,1,0,1,1,0,1,1,1,1,0,1,1,1,1,0,1,1,0,1,1,1,0,1,0,1,1,0,0,1,1,1,0,1,1,1,1,1,1,0,1,1,1,1,2,0,0,1,1,1,1,1,1,1,1,1,0,1,1,1,1,1,1,1,1,1,0,0,1,1,1,2,0,1,1,1,1,1,1,1,1,1,0,0,2,1,2,2,1,0,1,0,1,1,1,1,0,1,1,1,1,1,1,1,1
23,7,7,7,9,8,7,9,8,8,7,5,7,6,4,0,2,1,0,5,5,3,3,1,1,1,1,1,1,0,0,1,1,1,0,1,1,1,1,1,1,1,1,0,0,1,1,1,1,1,1,1,1,2,0,1,1,0,1,1,0,1,1,1,1,1,1,1,0,1,1,1,1,1,1,1,0,1,1,0,1,1,1,1,1,1,1,1,1,1,1,1,1,1,0,1,2,1,1,1,0,0,1,1,1,1,0,1,1,0,0,2,1,1,1,1,1,1,1,1,1,1,1,1,1,1,0,1,1,1,1,1,1,1,1,1,1,1,1,1,0,1,1,0,1,0,1,1,1,0,1,1,1,2,1,1,1,0,1,1,1,2,1,1,1,0,1,0,1,1,1,1,1,1,1,1,0,1,1,0,2,1,1,1,1,1,0,1,1,1,1,1,1,1,1,1,1,1,0,1,1,1,1,1,1,1,1,1,1,2,1,0,1,1,0,1,1,0,0,1,1,1,1,1,2,0,0,1,1,1,1,1,1,1,1,0,1,1,1,1,0,1,1,1,0,1,1,0,0,2,1,1,1,1,1,1,0,1,1,1,1,1,0,1,1,1,1,1,0,1,1,2,1,1,2,1,1,1,1,1,0,1,2,1,1,0,1,1,1,1,1,1,1,1,1,1,1,1,1,1,1,1,0,1,1,1,1,0,1,1,0,0,0,1,2,1,1,1,1,1,1,1,1,1,1,1,1,1,1,1,0,1,0,1,0,1,1,1,1,2,1,1,1,1,1,1,1,1,1,1,1,1,1,1,1,1,1,0,1,1,0,1,1,1,1,1,1,1,0,1,0,1,0,1,1,1,1,0,2,1,1,1,1,1,0,0,1,1,1,1,1,0,1,1,1,1,1,2,0,1,1,1,1,1,1,0,1,1,1,1,1,1,1,0,1,1,1,1,1,1,1,0,1,1,1,1,0,1,1,1,1,1,1,1,1,1,0,1,1,0,1,1,1,1,1,1,2,0,0,1,0,1,1,0,1,1,0,1,1,1,0,0,1,2,1,0,1,1,1,0,1,1,1,1,0,1,1,1,0,1,1,1,1,1,1,1,1,1,1,1,1,1,1,1,1,1,1,1,1,1,1,1,1,1,1,1,1,1,1,1,1,0,1,1,1,0,1,1,0,1,1,1,0,1,1,1,1,1,1,1,1,0,1,1,1,1,0,1,1,1,1,1,0,1,1,1,1,2,1,1,0,1,1,2,1,1,1,0,1,2,1,0,0,0,1,1,0,0,2,1,1,0,0,1,1,0,0,0,1,1,0,1,0,1,1,1,1,1,1,0,1,1,1,1,1,1,1,0,1,1,1,1,1,1,1,1,1,1,1,0,1,1,2,1,1,2,1,1,1,1,1,0,0,1,0,1,0,1,1,1,0,1,1,0,1,1,0,1,1,1,1,1,1,1,1,1,1,1,1,1,1,0,1,1,1,0,1,1,1,1,1,1,1,1,0,1,1,1,0,1,1,1,1,1,1,1,1,1,0,1,1,1,1,1,1,1,1,1,1,1,1,1,2,1,1,1,1,1,0,2,0,0,1,1,1,1,1,1,1,0,1,1,1,1,0,1,0,1,1,0,1,1,1,1,1,1,1,1,0,0,1,1,1,0,0,1,0,1,1,0,1,1,1,1,2,1,1,0,0,1,1,1,0,1,1,1,1,1,0,1,1,1,1,1,1,1,1,1,1,1,0,1,1,1,1,1,1,1,0,0,1,1,1,1,1,1,1,1,1,1,1,1,0,2,1,1,1,1,1,1,1,1,1,1,1,1,1,0,1,1,0,1,1,1,2,1,1,1,0,1,0,1,1,1,1,1,1,0,1,1,1,1,0,1,1,1,0,1,1,1,1,2,0,1,1,0,1,0,1,1,1,1,1,1,1,1,1,1,0,1,1,1,1,1,1,1,2,1,1,1,1,1,1,0,1,1,1,1,1,1,1,1,1,1,1,1,1,1,1,1,1,1,1,1,0,0,1,1,1,1,0,1,1,1,0,1,0,0,1,0,0,1,1,1,1,1,1,1,1,1,0,1,1,0,1,1,1,1,0,0,2,1,1,1,1,1,1,0,1,1,1,0,1,1,1,1,1,1,1,1,1,0,1,0,1,0,1,1,1,1,0,1,1,1,1,1,1,1,1,1,1,1,1,1,1,1,0,2,2,0,1,2,1,1,2,1,1,2,1,1,1,1,1,1,1,0,1,1,1,1,1,1,1,1,0,1,1,1,1,1,1,1,1,0,0,1,1,1,1,1,1,0,1,1
24,6,0,3,4,1,4,1,3,3,3,4,4,0,1,1,4,2,2,0,2,0,1,3,1,2,3,5,3,0,0,2,3,3,0,2,3,3,4,1,1,1,1,1,1,0,1,1,1,1,1,1,1,1,1,0,1,1,1,0,0,0,1,1,1,1,1,1,0,1,1,1,1,1,1,0,1,0,0,1,0,1,1,1,0,1,1,1,1,0,1,1,1,2,1,1,1,1,1,1,1,1,2,1,1,1,1,0,1,1,1,1,1,0,1,1,0,1,1,1,1,0,1,1,1,1,1,1,0,0,1,1,0,1,1,0,1,0,0,1,1,1,0,1,1,0,0,0,1,0,1,1,1,1,1,1,1,1,1,1,1,1,1,1,1,1,1,1,2,1,1,1,0,1,1,0,1,1,0,2,1,1,1,0,1,1,1,1,1,1,1,0,1,1,1,1,1,1,1,1,0,1,1,1,1,1,0,0,1,1,1,1,0,0,1,1,1,1,2,1,0,1,1,1,1,0,1,1,1,1,0,1,1,1,1,1,1,1,1,1,0,0,0,1,1,1,1,1,0,1,2,1,1,0,1,1,1,0,1,1,1,0,0,1,1,0,1,1,0,1,1,0,2,1,0,1,1,0,1,1,2,0,0,1,1,0,1,1,0,1,1,0,1,1,1,1,1,1,1,1,1,1,1,0,1,1,1,1,1,1,1,1,0,0,1,1,1,1,1,1,1,1,1,0,1,1,1,2,2,1,2,1,0,1,1,1,1,1,1,1,0,1,1,0,1,1,1,0,1,0,1,0,0,2,1,1,1,1,1,1,1,1,1,0,1,1,0,1,1,1,1,0,1,1,1,0,1,1,1,1,2,1,1,1,1,1,1,1,1,1,2,0,1,0,1,1,1,0,1,0,0,1,1,0,2,1,1,1,2,1,0,0,1,0,1,1,1,1,1,1,1,1,1,1,1,1,0,1,1,1,1,1,1,1,1,0,1,0,1,1,1,1,1,1,1,1,1,1,1,1,1,1,1,1,1,1,1,1,1,1,1,0,0,1,1,1,1,0,0,1,0,1,1,0,1,0,1,1,1,1,1,1,1,1,1,1,1,1,1,1,1,1,1,2,0,1,0,1,1,1,0,1,1,1,1,2,1,1,0,0,1,1,1,0,1,1,1,1,1,1,1,0,1,1,1,1,1,1,1,1,1,1,1,1,1,1,0,0,1,1,1,0,0,0,1,0,1,1,1,1,1,1,1,1,1,1,0,1,1,1,1,1,1,0,2,1,1,1,1,1,1,1,0,1,0,1,1,0,1,1,1,1,1,1,0,1,1,1,0,1,1,1,1,1,0,0,0,1,1,0,1,1,1,1,1,0,1,0,0,1,0,1,1,1,1,1,1,0,1,0,0,1,1,1,0,1,1,1,1,1,1,1,1,1,1,1,1,1,1,1,1,1,1,1,1,2,1,1,1,1,0,1,1,1,1,1,1,1,1,1,1,0,1,1,1,0,1,0,1,1,1,0,0,1,1,1,1,1,1,1,0,0,1,1,1,1,1,0,1,1,1,1,1,0,1,1,1,1,1,1,1,1,0,0,1,2,1,1,1,1,1,1,1,0,1,1,1,1,1,0,1,1,1,1,0,1,1,1,0,1,1,1,1,1,1,0,1,1,1,1,1,0,1,0,1,1,1,1,0,1,1,1,1,1,1,1,0,0,1,1,2,1,1,1,1,1,1,0,1,1,0,1,1,2,1,1,1,1,1,2,1,1,2,1,1,0,1,0,1,1,1,1,1,1,1,1,0,1,1,1,1,1,0,1,0,1,1,1,1,1,1,0,1,1,1,0,0,0,2,2,1,1,1,0,0,1,0,1,1,0,1,1,1,1,0,0,1,1,1,1,1,1,1,1,1,1,0,1,1,1,1,1,0,1,1,1,1,1,1,1,1,0,1,1,1,1,1,1,1,1,1,0,1,1,1,1,1,1,1,1,1,1,0,1,1,1,0,1,1,0,1,0,1,0,1,1,1,1,1,1,0,0,1,0,1,1,2,0,1,0,1,1,1,1,1,1,1,1,1,0,1,0,0,1,0,0,1,1,2,1,0,0,1,1,1,1,1,1,1,1,0,1,2,1,1,1,1,1,1,1,0,1,0,1,0,1,1,1,1,2,1,0,1,1,0,0,1,0,1,1,0,0,1,1,0,1,1,0,1,1,1,0,2,1,0,0,1,1,1,1,1,0,1,1,2,0,0,1,1,0,0,1,1,1,1,1,0,1,1,1,0,1,0,1,0,1,2,1,1,1,1,0,1,1
25,5,1,1,2,1,0,1,0,1,1,0,1,1,2,1,1,1,1,1,0,1,1,1,1,1,0,2,1,1,1,1,0,1,0,1,1,1,1,1,1,1,1,1,1,1,1,1,2,0,1,0,1,1,1,1,2,1,1,1,1,0,1,0,1,1,2,1,0,1,1,1,1,1,0,1,0,0,1,1,1,0,1,1,1,1,0,0,1,0,1,0,1,1,1,1,2,1,1,1,1,1,1,1,1,1,0,0,1,1,1,1,0,1,1,1,1,1,1,0,1,1,0,0,1,1,1,1,1,1,0,0,1,0,1,0,1,1,1,0,0,0,1,0,1,1,1,0,0,1,2,0,1,0,1,0,0,1,1,1,0,1,0,1,1,1,0,1,0,1,1,1,0,1,1,1,1,1,1,1,1,1,1,1,1,0,1,1,1,1,1,1,0,1,1,1,1,0,1,1,1,1,1,1,1,1,1,1,0,0,1,1,1,1,0,1,1,1,1,1,1,1,1,1,0,1,1,1,1,2,0,1,1,1,1,1,1,0,1,0,1,1,1,0,1,1,1,0,1,1,1,1,1,1,1,1,1,1,1,1,1,1,1,2,2,1,0,1,1,1,0,1,0,1,0,0,1,1,0,1,0,1,1,0,1,1,1,1,0,1,1,1,1,1,1,0,0,1,1,1,1,1,1,0,1,1,1,1,1,0,1,1,0,1,0,1,1,1,1,1,0,1,1,1,1,1,1,0,1,0,0,2,1,1,0,1,1,0,1,1,1,1,1,1,1,1,1,2,1,0,1,0,1,1,0,1,1,0,1,0,1,0,1,1,1,1,1,1,1,1,1,1,1,0,1,1,1,0,1,0,1,0,1,1,1,1,1,1,1,0,0,1,0,1,0,1,1,1,1,0,0,1,1,1,1,0,1,1,1,2,1,1,1,1,0,1,1,0,1,1,1,0,1,1,1,1,1,1,1,1,0,1,1,0,1,0,1,0,1,1,1,1,1,1,1,1,1,1,1,0,1,1,1,2,1,1,1,1,0,1,0,1,1,1,1,1,1,1,1,1,1,0,1,1,1,1,1,1,1,1,0,0,2,0,1,1,1,1,0,1,1,1,1,0,1,1,1,1,0,1,1,0,0,1,1,1,1,1,1,0,1,1,1,1,1,1,0,1,0,1,1,0,1,1,1,0,0,0,1,1,1,0,1,0,1,0,1,1,0,1,1,1,1,1,1,1,1,1,1,1,1,1,1,1,1,1,1,1,1,1,1,1,1,1,1,0,0,0,0,1,1,0,0,1,1,1,1,1,0,1,1,1,1,1,1,1,1,1,1,0,1,1,1,0,1,0,1,1,1,1,1,1,1,0,1,0,0,1,1,1,1,1,1,1,1,1,1,1,1,1,1,1,1,1,0,1,1,0,1,1,0,1,1,0,1,1,1,1,1,1,1,1,0,1,1,0,1,1,1,1,1,1,0,1,1,1,1,1,1,0,1,1,0,1,1,0,1,0,1,0,0,1,1,0,1,1,1,1,1,0,2,1,1,1,1,1,1,1,1,1,1,1,1,1,1,1,1,1,1,1,1,1,0,1,1,1,1,1,1,1,1,1,1,2,1,1,1,1,1,1,0,1,1,1,1,1,1,0,1,1,1,1,1,1,0,1,1,1,0,0,1,0,1,1,1,0,1,1,2,1,1,1,1,1,0,0,1,1,0,1,0,1,1,1,0,1,0,0,1,1,1,1,1,1,1,1,1,0,0,1,2,1,0,1,1,1,1,1,1,1,0,1,1,1,1,1,1,1,1,1,1,1,1,1,0,1,1,1,1,0,1,0,1,1,1,1,1,1,1,0,1,0,1,1,1,1,1,1,1,1,0,1,1,0,1,1,1,1,1,1,1,1,1,1,0,1,0,0,1,1,1,1,1,1,0,1,1,1,1,1,1,1,0,0,0,1,1,0,1,1,2,0,0,0,0,1,0,1,1,1,1,1,0,1,1,1,1,1,1,1,0,1,1,1,0,0,0,2,1,1,1,1,1,0,1,1,1,1,1,1,0,1,2,1,1,1,1,1,1,0,1,1,2,0,0,1,1,1,1,0,1,1,1,1,0,1,0,1,0,0,1,1,1,0,2,0,1,1,1,1,1,1,1,1,1,1,1,1,1,1,1,1,0,1,1,1,2,1,1,1,1,1,1,0,1,1,1,1,1,1,1,0,1,1,2,1,1,1,1,1,2,0,1,1,0,1,1,2,0,1,1,1,1,1,1,1,1,1,1,1,1,1,1,1,1,1,1,0,1,1,1,1,2,0
26,5,6,4,2,0,4,4,2,0,0,1,0,1,1,0,0,1,1,1,0,1,1,0,1,1,1,1,1,2,1,1,0,1,1,1,1,1,0,2,1,1,0,1,1,0,1,1,1,1,1,1,0,1,1,0,1,1,1,1,1,0,1,1,0,1,1,1,1,1,1,1,1,1,2,0,0,2,1,0,0,1,1,1,1,1,0,2,0,1,1,1,1,1,0,1,1,0,1,1,1,1,0,0,1,1,1,1,0,1,1,1,1,0,1,1,1,1,0,1,2,1,0,0,1,0,1,1,1,1,1,1,1,1,1,1,1,1,0,1,1,2,1,1,1,1,1,1,1,1,0,1,1,1,1,1,1,0,1,0,0,1,1,0,0,1,2,0,0,1,1,1,0,1,1,1,1,1,0,1,0,1,1,1,1,1,1,1,1,1,1,1,1,1,0,1,1,1,0,1,1,1,1,0,1,1,1,0,0,1,1,1,1,1,0,1,1,1,1,1,0,1,1,0,1,2,0,2,0,0,1,1,1,1,1,1,1,0,1,1,0,1,1,1,1,0,1,1,1,1,0,0,1,1,1,0,1,1,1,1,1,1,1,1,1,0,0,1,0,1,1,1,0,1,1,1,0,0,1,1,1,1,2,1,0,1,1,1,0,1,1,1,0,0,1,0,1,1,1,1,1,1,1,1,0,1,1,0,0,1,1,1,1,1,1,0,1,1,1,1,1,0,0,1,1,0,1,1,1,0,1,0,0,1,1,1,1,0,1,0,1,1,1,1,1,0,0,1,1,1,0,1,0,1,1,1,1,1,1,0,1,1,1,1,0,1,1,1,2,1,1,1,1,0,1,1,1,1,1,0,0,1,0,1,1,0,2,1,0,1,1,1,1,1,1,1,1,1,1,1,1,0,1,0,1,1,1,1,0,1,1,1,1,1,0,1,1,1,1,1,1,1,2,1,1,1,1,1,1,1,1,0,1,1,1,1,0,1,0,1,1,1,1,1,0,1,1,1,1,1,1,1,1,1,1,1,1,0,1,0,1,1,1,1,1,1,0,1,1,1,1,1,1,1,1,1,1,0,1,1,1,1,0,1,1,1,0,0,0,1,1,1,1,0,1,1,1,1,1,1,0,1,1,0,1,1,0,1,1,2,1,1,0,0,1,1,1,1,1,1,1,1,1,1,1,0,1,1,0,1,1,0,1,0,2,1,0,1,1,0,1,1,1,0,1,1,1,1,1,1,0,1,1,0,1,1,1,1,1,1,1,1,1,1,1,1,1,2,1,1,1,1,0,1,1,1,1,1,1,1,1,1,0,0,1,1,1,1,1,1,0,2,1,0,1,1,1,1,1,0,1,1,1,0,0,1,1,1,1,0,1,1,1,1,0,1,0,1,0,0,0,1,1,0,1,0,1,1,1,1,1,1,1,0,0,1,0,0,1,1,1,1,1,1,1,1,0,0,1,1,1,1,1,1,1,1,1,0,0,1,1,1,1,1,1,1,1,1,1,1,1,1,1,0,1,1,1,0,1,1,1,1,0,2,1,1,0,1,0,1,1,1,1,1,1,0,1,1,1,0,1,1,1,1,1,1,1,1,1,1,1,1,2,1,1,1,0,1,1,1,1,1,1,1,1,0,1,1,1,2,1,1,1,1,0,1,0,0,2,0,1,1,0,1,0,1,1,0,1,1,1,1,1,1,1,0,2,0,1,1,1,1,1,0,1,0,1,0,1,1,1,1,0,0,1,1,0,1,1,0,1,0,0,1,1,1,1,1,1,1,1,1,2,1,1,2,1,1,1,1,0,2,1,1,1,1,1,1,1,1,0,1,1,1,1,1,1,1,0,1,1,1,1,1,1,1,0,1,1,1,1,1,1,1,1,1,1,1,1,1,2,1,1,1,1,1,2,0,1,1,1,1,1,1,1,1,1,1,0,1,1,1,0,1,1,1,1,1,1,1,1,1,0,1,1,1,1,1,1,0,1,0,1,2,0,1,1,1,1,1,1,1,0,1,1,1,0,1,0,1,1,1,1,1,1,1,1,1,1,1,1,1,1,1,1,1,1,1,0,1,1,1,0,1,1,1,1,1,1,1,1,1,1,1,1,0,1,1,0,1,1,2,1,1,1,1,1,1,1,0,1,1,1,1,1,1,1,1,1,1,2,1,1,1,1,1,1,0,1,0,1,1,1,1,0,1,1,1,1,1,1,0,1,1,1,1,0,1,1,0,1,0,1,1,0,1,1,1,1,1,1,1,1,0,0,1,1,1,1,1,1,1,1,1,1,0,1,1,1,1,0,1,1,1
27,5,0,5,6,0,7,2,5,2,2,0,1,1,1,2,1,2,1,4,2,4,1,1,1,1,1,0,1,1,1,1,1,0,1,1,1,1,1,1,1,0,1,1,1,0,0,1,1,0,1,1,1,1,1,1,1,1,1,1,1,1,1,0,1,1,1,1,0,1,1,1,2,1,1,1,1,0,1,1,1,1,1,1,1,1,1,1,1,1,1,1,1,0,1,1,1,1,1,1,1,1,1,1,1,1,1,1,1,1,1,1,1,1,1,1,1,1,1,1,0,0,1,1,1,1,1,0,1,0,1,1,1,1,1,1,2,1,1,1,1,1,1,0,1,1,1,1,1,1,1,1,1,1,1,1,1,1,1,1,1,1,1,1,1,1,0,1,1,1,1,1,1,1,1,1,1,1,0,1,1,1,1,1,1,0,1,1,1,1,1,1,1,1,0,0,1,1,1,1,1,1,1,1,1,1,1,1,1,1,1,1,1,1,1,0,0,2,2,1,1,1,1,1,1,1,1,1,1,1,1,1,1,1,1,1,1,0,1,1,1,1,1,1,1,1,1,1,1,1,0,1,1,1,1,1,1,1,1,1,1,1,1,1,1,1,1,1,1,1,1,1,1,1,1,1,1,0,1,1,1,1,1,1,1,1,1,1,1,1,1,0,1,1,1,1,1,0,1,0,1,1,1,1,1,1,1,0,1,1,1,1,1,1,1,1,1,1,1,1,2,1,1,1,1,1,2,1,1,1,1,1,1,1,0,1,1,1,0,1,1,0,1,1,2,0,0,0,1,1,1,1,1,1,1,1,1,1,0,1,1,0,0,0,1,0,0,0,1,1,1,1,1,1,1,1,1,1,1,1,1,1,1,1,1,1,1,0,1,1,0,1,1,1,1,1,0,1,1,1,0,1,1,1,1,1,1,0,1,1,1,1,1,1,1,1,1,1,1,1,1,1,1,0,1,0,0,1,1,1,1,1,1,1,1,1,1,1,1,1,1,1,1,0,1,1,1,1,1,1,0,1,1,0,1,1,1,1,1,1,1,1,1,0,1,1,0,1,1,0,1,1,1,1,1,1,1,2,1,1,1,1,1,1,1,1,1,1,0,1,1,1,1,0,2,0,0,1,1,1,1,1,1,1,1,1,1,1,1,1,1,1,1,1,1,1,1,1,1,2,1,0,1,0,1,1,1,1,0,1,1,2,1,1,1,1,1,0,1,1,1,1,1,0,1,1,1,0,1,0,1,1,1,1,0,1,1,1,1,2,0,1,1,1,1,1,0,1,0,1,1,1,1,1,1,1,1,1,1,1,1,0,2,1,1,1,1,0,1,1,1,1,1,1,1,0,1,1,1,1,1,1,1,1,1,1,2,1,1,1,0,0,1,1,1,0,1,1,1,1,1,1,0,1,1,1,1,1,1,1,1,1,1,1,0,1,1,1,1,1,1,1,1,1,1,1,2,1,0,1,1,1,1,1,1,1,0,1,1,1,1,1,1,1,1,1,0,0,0,1,1,1,1,1,1,1,1,1,1,1,1,1,1,1,1,1,2,2,1,1,1,1,1,1,1,1,1,1,1,1,0,0,1,1,1,1,1,1,0,1,1,1,1,1,0,0,0,1,1,1,0,1,1,1,0,1,0,1,1,1,1,0,1,0,1,1,1,1,1,1,1,1,1,1,1,1,1,1,0,1,1,1,1,1,1,0,1,1,0,1,1,1,1,1,0,1,1,0,1,1,1,0,0,1,1,0,1,1,1,0,1,0,1,0,0,0,1,1,1,1,0,1,1,1,1,0,1,1,2,1,1,1,1,1,1,1,0,1,0,1,1,2,2,1,2,1,1,1,1,2,1,1,1,1,1,0,1,0,1,1,0,1,1,1,1,1,1,1,1,1,1,1,1,1,1,1,2,1,0,1,1,1,0,1,1,1,1,1,1,1,1,1,1,1,1,1,1,1,1,1,0,1,0,1,1,1,1,1,1,1,1,1,0,1,1,1,1,1,1,1,1,1,2,1,1,1,1,1,1,1,0,1,2,1,1,1,1,1,1,1,0,1,1,1,1,0,1,1,1,1,1,1,1,2,1,1,1,1,1,1,0,1,1,1,1,1,1,1,1,1,1,1,2,1,1,0,0,1,1,1,1,1,1,1,1,1,1,1,0,1,2,0,1,1,0,1,1,1,1,0,1,1,1,1,1,1,1,1,1,1,1,1,1,2,1,1,0,1,1,0,1,0,0,0,1,1,1,1,1,1,1,1,1,1,1,1,1,1,1,1,0,1,1,1,1,1,1,0,0,1,1,1,1,0
28,0,4,1,1,1,2,1,1,1,1,1,0,1,0,1,0,1,0,1,1,1,0,1,1,1,1,1,1,1,1,1,1,0,1,1,0,0,1,1,1,1,0,1,0,1,1,1,0,1,1,1,0,1,0,0,1,1,1,1,1,1,1,0,1,1,1,0,1,0,1,0,0,1,1,1,0,1,0,1,1,0,1,1,1,1,1,1,1,1,1,0,1,1,1,1,0,1,1,0,1,1,1,0,0,1,1,1,0,1,1,1,0,1,1,1,1,1,1,1,0,1,1,0,1,0,0,0,0,1,1,1,0,1,0,1,1,0,1,0,1,0,1,1,0,1,0,2,1,0,1,2,0,0,1,0,1,0,1,1,1,1,1,1,1,1,2,0,1,1,1,1,1,0,0,1,1,1,1,1,1,2,0,1,1,1,2,2,1,1,1,0,1,0,2,1,2,1,1,0,0,0,1,1,0,1,1,0,1,1,1,1,0,1,1,1,1,1,1,1,1,1,1,1,1,1,1,1,1,1,1,0,2,0,1,1,1,0,1,1,0,1,1,0,0,1,1,1,1,1,0,1,0,1,1,1,0,0,2,1,1,1,0,1,2,1,1,0,1,1,1,1,1,1,1,1,1,1,1,1,1,1,1,1,0,1,1,0,0,1,1,1,0,0,1,1,1,1,1,0,1,0,0,1,2,1,1,1,1,1,0,1,1,1,0,1,1,1,1,1,1,2,1,0,1,0,1,1,1,1,2,1,1,1,1,1,1,1,0,1,1,2,1,1,0,1,1,2,1,0,1,1,0,1,1,1,1,0,1,0,1,0,1,1,1,1,1,1,1,1,1,1,1,1,2,1,1,0,2,0,0,0,1,1,1,1,1,1,1,1,1,1,1,1,1,1,2,1,1,1,1,1,1,1,1,1,2,2,1,1,2,1,0,0,1,1,1,0,1,1,1,1,1,1,0,1,2,0,1,0,2,1,1,1,2,1,1,1,0,1,1,1,1,0,1,1,1,1,1,1,0,1,0,1,1,1,1,1,1,1,1,1,2,1,0,1,1,0,0,1,0,1,1,1,1,0,0,0,0,2,1,0,1,0,0,0,1,1,1,1,0,1,0,1,1,1,1,0,0,1,2,1,1,1,1,1,1,1,1,1,1,1,1,2,1,0,0,1,1,1,0,0,1,2,1,0,0,1,0,1,0,1,0,0,0,1,1,1,1,1,0,1,0,1,1,1,0,1,1,1,1,1,0,1,0,0,0,0,1,0,1,1,1,1,1,0,1,1,1,1,0,1,1,1,1,1,1,1,1,1,1,1,1,0,0,0,2,1,1,0,1,0,2,1,1,1,1,1,1,1,1,1,1,1,0,1,1,1,1,1,2,1,1,1,1,2,1,0,1,1,1,1,0,0,1,0,1,0,0,1,1,0,0,1,0,1,1,1,1,0,0,1,1,1,1,1,0,0,0,1,1,1,1,1,0,1,1,0,0,1,1,0,1,1,0,1,1,0,1,1,2,1,1,1,0,1,0,0,1,1,1,1,1,1,0,1,1,0,0,1,1,1,1,2,1,0,1,1,1,1,0,1,0,0,0,0,0,0,1,1,0,1,1,1,0,1,1,1,1,1,1,1,0,1,0,0,0,0,1,1,1,0,0,1,2,1,1,0,1,1,0,1,1,1,1,1,1,1,1,1,1,2,1,1,1,0,1,0,1,1,1,1,1,1,1,1,1,1,1,1,1,1,1,1,1,1,1,0,1,1,1,1,1,1,1,1,1,0,1,1,1,1,1,1,1,1,1,1,1,1,0,1,1,0,1,1,1,1,0,1,1,1,1,1,1,1,0,1,1,1,0,1,1,1,1,1,1,1,1,1,1,1,1,1,1,0,1,0,1,1,1,0,1,2,1,0,1,1,1,1,2,1,1,0,2,1,1,0,1,0,2,1,2,0,1,1,1,0,0,2,1,0,0,1,1,0,1,1,1,1,0,1,1,0,1,1,0,0,1,2,1,0,2,1,0,0,1,1,0,1,2,1,0,1,1,1,0,1,1,1,1,1,1,1,1,1,1,1,0,1,1,1,1,1,1,1,2,1,2,0,2,2,1,1,1,0,1,0,1,1,1,1,0,2,1,1,0,1,0,1,1,1,1,0,0,1,1,1,1,1,0,1,1,1,1,1,0,1,1,1,1,1,2,1,0,1,1,1,1,1,1,1,0,1,1,0,1,0,1,1,0,1,1,1,1,0,0,1,0,1,1,0,1,1,1,1,0,1,1,1,0,1,0,1,0,1,1,0,1,1,1,0,1,1
29,1,6,8,6,0,3,0,0,4,2,1,3,4,1,3,2,3,3,5,0,4,5,2,0,4,0,3,4,5,4,1,1,0,1,1,0,1,1,2,0,1,1,1,1,0,1,1,0,0,0,0,1,1,1,1,1,1,1,1,0,1,1,1,1,1,1,1,1,0,1,1,2,2,1,2,1,1,1,1,1,1,1,0,0,0,1,1,1,0,1,1,0,1,2,0,1,1,2,1,1,1,1,1,1,0,1,1,1,1,1,1,1,1,1,2,0,1,1,1,0,1,1,1,1,1,1,1,1,1,1,1,1,1,1,1,1,1,1,1,0,1,1,1,1,1,1,1,0,1,1,1,2,1,1,1,0,1,0,0,0,1,0,2,0,1,1,1,1,0,0,1,1,1,1,1,1,1,1,0,1,1,0,1,1,1,1,1,1,1,1,1,0,1,1,0,1,1,1,0,1,1,1,0,0,1,1,0,1,1,0,0,1,0,1,1,1,1,0,1,1,1,1,1,1,1,1,0,1,0,1,1,1,1,1,0,1,1,1,1,1,1,1,1,1,1,1,1,1,0,1,1,1,1,1,1,1,1,1,1,0,1,1,0,0,2,1,1,1,1,1,1,1,1,0,1,1,2,1,1,0,1,1,1,1,1,1,1,1,1,1,1,1,0,1,1,1,1,1,1,1,1,1,1,1,1,1,1,1,1,1,1,1,1,2,1,1,1,1,1,1,0,1,1,1,2,0,1,1,1,1,1,1,1,1,1,1,1,1,1,1,1,1,1,1,1,1,1,1,1,0,1,1,1,1,1,1,0,1,1,1,1,1,1,1,1,1,1,1,1,1,1,2,1,1,1,1,1,0,1,1,0,1,1,1,1,1,1,0,1,1,1,1,1,1,1,1,0,1,1,1,1,1,0,0,1,1,1,1,1,1,0,1,1,1,1,1,1,1,1,1,1,1,1,2,1,1,1,0,1,1,1,1,0,1,1,1,1,1,0,1,0,1,1,1,1,1,1,1,1,0,1,0,1,0,1,0,0,0,1,1,0,0,1,0,0,1,1,1,1,1,1,1,1,1,1,1,1,1,0,1,1,1,1,1,1,1,1,1,1,1,1,1,1,1,1,1,1,1,1,1,1,1,1,1,1,1,1,1,1,1,1,1,1,1,0,1,1,1,2,1,0,0,1,1,1,0,1,1,1,0,1,1,1,1,1,1,1,1,0,1,1,1,1,0,1,0,1,1,0,1,1,1,0,1,1,1,1,1,1,0,1,1,1,1,2,1,1,1,0,1,1,1,1,1,0,0,1,0,1,0,1,1,1,1,1,1,1,0,1,0,1,1,1,1,1,1,1,1,1,1,1,0,1,1,1,1,1,1,0,1,1,1,1,1,1,1,1,1,1,1,1,0,1,1,2,1,1,1,1,1,1,0,0,1,1,1,2,1,1,1,1,1,1,1,1,1,1,2,1,1,1,0,1,0,2,1,1,0,0,1,1,1,1,1,1,1,1,1,1,0,0,0,1,1,1,1,1,1,1,0,1,1,1,1,1,1,1,0,1,1,1,0,0,0,0,1,1,1,1,1,1,1,1,1,1,0,1,1,1,1,1,1,1,1,1,1,0,0,1,1,1,1,1,1,1,0,1,1,1,1,0,1,1,1,0,2,1,1,1,1,1,0,1,1,1,1,1,1,1,1,1,0,1,1,1,1,1,1,1,1,1,1,0,0,1,1,1,1,1,1,0,1,1,1,1,1,1,0,1,1,1,1,1,1,0,1,1,1,1,1,1,1,1,1,0,1,1,1,0,1,1,0,1,1,1,1,1,1,1,1,1,0,1,0,1,1,2,1,1,0,0,1,1,1,1,0,1,0,2,1,0,1,1,1,0,1,0,1,1,0,1,1,1,1,1,0,1,0,0,1,1,1,1,1,1,0,0,1,1,1,1,1,1,2,1,1,1,1,1,1,1,0,2,0,2,0,1,1,1,1,1,1,1,1,1,1,1,1,1,1,0,1,1,1,1,1,1,1,1,1,1,1,0,1,1,1,1,1,1,1,1,1,0,1,1,1,1,1,1,1,1,1,1,1,1,1,1,1,1,1,1,1,1,1,2,1,0,1,1,1,1,1,1,1,1,1,0,1,1,1,1,1,1,1,1,1,0,1,1,0,1,1,0,1,1,1,1,1,1,1,1,1,1,0,1,1,1,0,1,0,1,1,1,1,0,1,1,1,1,0,1,1,0,1,1,1,1,1,1,1,1,1,1,1,2,1,1,1,1,1,1,1,1,1,1,1,1,1,1,1,1,1,1
30,0,4,1,1,3,1,1,0,1,1,0,1,1,1,1,0,0,1,1,1,1,1,1,0,0,1,1,1,1,2,1,1,1,1,1,1,1,0,1,0,1,1,1,1,1,1,0,1,1,0,0,1,0,1,1,1,0,1,1,1,1,0,0,1,2,0,0,1,1,1,1,0,1,1,1,0,0,1,1,1,0,1,1,0,1,0,1,1,1,1,0,0,1,2,1,1,2,0,1,1,1,1,1,1,0,1,1,1,1,1,2,1,1,0,0,0,1,1,0,0,1,1,1,0,0,1,1,1,1,0,0,1,1,0,1,1,0,1,1,1,0,2,0,1,0,0,1,1,1,0,1,1,1,2,1,1,0,0,0,1,0,1,1,1,0,1,0,0,1,2,1,1,1,1,1,1,1,1,1,1,1,1,1,1,1,1,1,1,1,0,1,0,1,0,0,1,1,2,1,1,0,1,1,0,1,1,1,0,1,1,1,0,1,0,1,1,1,1,1,1,1,1,1,0,1,1,1,1,1,1,0,1,1,1,0,1,1,0,0,1,1,1,1,0,1,1,1,1,1,1,1,1,1,0,1,1,1,1,1,0,1,1,1,1,2,1,1,0,1,1,1,1,1,1,0,0,1,1,1,1,1,1,0,1,0,1,0,1,2,1,0,1,0,1,0,1,1,1,1,1,0,1,1,2,1,1,1,0,2,1,1,1,1,0,0,1,1,1,1,1,1,1,1,1,1,1,1,1,1,0,0,1,0,0,1,1,1,0,1,0,0,0,1,1,2,1,1,1,1,0,0,0,1,1,1,1,1,1,1,1,1,1,0,2,0,0,1,1,1,2,1,1,1,0,2,1,1,1,0,1,1,1,1,1,1,1,1,1,0,1,2,1,1,1,1,1,1,0,2,1,1,1,1,1,2,1,1,1,1,0,1,1,1,1,1,1,1,1,1,1,1,1,2,1,0,1,1,1,1,1,1,1,1,1,1,1,1,0,0,1,1,1,1,1,0,1,0,0,1,1,0,1,0,0,0,1,1,1,1,1,1,1,0,1,1,1,1,0,1,0,1,0,1,1,1,1,1,1,1,1,2,1,1,1,1,1,1,1,0,1,1,0,1,1,1,1,1,0,1,1,0,1,0,1,1,0,1,0,1,1,1,0,1,1,1,2,2,1,0,0,1,1,0,0,1,1,1,1,1,1,1,1,1,0,1,1,1,1,1,1,1,1,1,0,1,1,0,0,0,1,0,1,1,1,1,1,1,1,0,1,1,1,1,0,1,1,0,0,1,0,2,1,1,1,1,1,1,1,1,1,1,0,1,2,1,1,1,1,1,1,2,1,1,0,1,0,1,2,1,1,0,1,1,1,1,1,0,1,1,1,1,1,1,0,1,1,0,0,1,0,0,0,0,0,1,1,1,1,1,0,0,1,1,1,0,0,1,1,1,1,1,1,1,1,1,1,1,1,1,1,2,0,1,0,0,1,1,0,2,2,2,0,1,0,0,0,1,1,0,0,1,1,0,0,1,0,1,1,0,1,2,1,1,1,0,1,0,1,0,1,1,1,1,1,0,2,1,1,0,1,1,1,1,1,1,0,0,1,1,1,1,1,1,2,1,0,1,0,1,1,0,1,1,0,0,1,0,0,1,1,1,1,0,0,1,1,1,0,0,1,1,1,0,1,1,1,1,1,0,1,1,1,0,0,0,0,0,1,0,1,1,0,1,0,1,1,1,0,1,0,1,1,1,2,0,1,0,1,1,1,0,1,1,1,1,0,1,1,0,1,0,0,1,1,1,1,1,1,1,0,0,0,1,0,1,0,1,0,1,1,1,1,1,0,1,0,0,1,0,1,1,1,1,1,1,1,1,1,0,1,1,0,1,1,1,0,1,0,1,1,0,1,1,1,1,1,1,0,1,1,2,1,0,1,1,1,1,0,1,1,1,0,2,1,1,1,1,1,1,1,1,1,0,1,0,1,1,0,1,1,1,1,1,1,1,2,1,1,1,0,1,1,1,0,1,0,1,1,1,0,0,0,1,1,1,1,1,1,1,1,1,0,1,1,1,0,1,0,1,0,0,1,1,0,1,1,0,0,0,1,1,1,1,1,1,1,1,0,1,1,1,1,1,1,0,1,0,0,1,1,1,0,1,1,1,1,1,0,1,1,0,2,1,2,1,0,1,1,1,0,0,0,1,1,1,0,2,1,1,1,1,1,1,1,0,1,1,1,1,1,1,1,1,1,0,1,1,1,1,1,1,0,2,1,0,1,1,1,1,1,1,1,1,1,1,0,0,1,1,0,1,1,1
